{"schema": 1702352885173, "derHash": "7RJPR1qvTZjR5hjTvjLwA7PLuHPH0VsPGgCJc5y05Mw=", "subject": "CN=CFCA DV RSA CA,O=China Financial Certification Authority,C=CN", "subjectDN": "MFgxCzAJBgNVBAYTAkNOMTAwLgYDVQQKDCdDaGluYSBGaW5hbmNpYWwgQ2VydGlmaWNhdGlvbiBBdXRob3JpdHkxFzAVBgNVBAMMDkNGQ0EgRFYgUlNBIENB", "whitelist": false, "attachment": {"hash": "1b74e4ff46433497155f6445c718c2b35401560cde64d863bb7afa29a28cb274", "size": 1735, "filename": "o8-G4ge4DP6REqP8nqEgIKpU1MYBfSTo2XXoAIlBhVA=.pem", "location": "security-state-staging/intermediates/7f16a83f-64ff-4abe-81b4-4a97981da839.pem", "mimetype": "application/x-pem-file"}, "pubKeyHash": "o8+G4ge4DP6REqP8nqEgIKpU1MYBfSTo2XXoAIlBhVA=", "crlite_enrolled": false, "id": "0549e809-df97-4bac-8e1a-3c257d5b5c47", "last_modified": 1702353423376}