{"schema": 1713473658447, "derHash": "MzfU5LTvapTwSRXS6Gsfj0ejyDZn2iUZ2bla5ycK/+E=", "subject": "CN=GandiCert,O=Gandi SAS,C=FR", "subjectDN": "MDUxCzAJBgNVBAYTAkZSMRIwEAYDVQQKEwlHYW5kaSBTQVMxEjAQBgNVBAMTCUdhbmRpQ2VydA==", "whitelist": false, "attachment": {"hash": "3e6f5e189669c1d64d89e7571909742cebbe17aec48eb5ca9f8cccb6094e7689", "size": 1955, "filename": "0dflgFofXiuLoZvgRpP8N9xrpDTgZ7c1xbmTjIxym7o=.pem", "location": "security-state-staging/intermediates/9bf57459-554d-4097-b765-7c699260613f.pem", "mimetype": "application/x-pem-file"}, "pubKeyHash": "0dflgFofXiuLoZvgRpP8N9xrpDTgZ7c1xbmTjIxym7o=", "crlite_enrolled": false, "id": "080e3470-9e74-48e7-957d-a5dde3daddfb", "last_modified": 1713473823429}