{"schema": 1702352884534, "derHash": "qSvx/fstoqHOYOdECZLlOkEM4vqoq3Hq10RPJIbl+p8=", "subject": "CN=CFCA OV ECC CA,O=China Financial Certification Authority,C=CN", "subjectDN": "MFgxCzAJBgNVBAYTAkNOMTAwLgYDVQQKDCdDaGluYSBGaW5hbmNpYWwgQ2VydGlmaWNhdGlvbiBBdXRob3JpdHkxFzAVBgNVBAMMDkNGQ0EgT1YgRUNDIENB", "whitelist": false, "attachment": {"hash": "3da3c929f3dcc4dbfe6eaebe09c4fab613a57298f098f007d68254f442742b70", "size": 1735, "filename": "TN_N6Jf5rIbtK8zrR3O_l4jRaH_uNDW2uy7BpL6wRpI=.pem", "location": "security-state-staging/intermediates/acefad73-b52a-43ed-b85d-8cab0869f2ac.pem", "mimetype": "application/x-pem-file"}, "pubKeyHash": "TN/N6Jf5rIbtK8zrR3O/l4jRaH/uNDW2uy7BpL6wRpI=", "crlite_enrolled": false, "id": "085e76be-1462-4bb5-a71b-13de680c2ff9", "last_modified": 1702353423383}