{"schema": 1691462896422, "derHash": "/+kwRC3+tpzimpCLamObNwvWumB1+TGrg1Ydk4tFOiE=", "subject": "CN=SSL.com TLS Transit RSA CA R2,O=SSL Corporation,C=US", "subjectDN": "ME8xCzAJBgNVBAYTAlVTMRgwFgYDVQQKDA9TU0wgQ29ycG9yYXRpb24xJjAkBgNVBAMMHVNTTC5jb20gVExTIFRyYW5zaXQgUlNBIENBIFIy", "whitelist": false, "attachment": {"hash": "6bc6c2c92860ce808bd1cab7301a59d238c8a49125fdf02b9a409c4636af2866", "size": 2316, "filename": "vn0e1DEpYDnOWeNSH0IkuvrS8iIAE7x5aB7EolDUxS0=.pem", "location": "security-state-staging/intermediates/3d5d12b4-1bb8-4b61-9d30-fb7c188d4305.pem", "mimetype": "application/x-pem-file"}, "pubKeyHash": "vn0e1DEpYDnOWeNSH0IkuvrS8iIAE7x5aB7EolDUxS0=", "crlite_enrolled": false, "id": "091d84c0-c607-4dbb-8ef6-4cab04674492", "last_modified": 1691463423568}