{"schema": 1691462893216, "derHash": "fz7mNmI27ebB98IcRDxkTTIVPtqpNXw6bah5zfKmsLY=", "subject": "CN=SSL.com TLS Issuing ECC CA R2,O=SSL Corporation,C=US", "subjectDN": "ME8xCzAJBgNVBAYTAlVTMRgwFgYDVQQKDA9TU0wgQ29ycG9yYXRpb24xJjAkBgNVBAMMHVNTTC5jb20gVExTIElzc3VpbmcgRUNDIENBIFIy", "whitelist": false, "attachment": {"hash": "d490c85e11163a1c928f0fe940d3d64fdcd93edc1e31c83c0c014173e8d6e073", "size": 1167, "filename": "NPRrBk96t64vay83a8Kf7kLV8Vmdi_17Qgpes328_Pk=.pem", "location": "security-state-staging/intermediates/59307eda-d10c-48e4-a850-00d629c774d7.pem", "mimetype": "application/x-pem-file"}, "pubKeyHash": "NPRrBk96t64vay83a8Kf7kLV8Vmdi/17Qgpes328/Pk=", "crlite_enrolled": false, "id": "097b1472-eb8b-4033-905c-38fdd4914613", "last_modified": 1691463423551}