{"schema": 1693342093437, "derHash": "F0TXMTT5XOkWrevub3V0LEeTaGi2TSoMFi7xMpAPDuQ=", "subject": "CN=e-Szigno Class3 SSL CA 2017,O=Microsec Ltd.,L=Budapest,C=HU", "subjectDN": "MHcxCzAJBgNVBAYTAkhVMREwDwYDVQQHDAhCdWRhcGVzdDEWMBQGA1UECgwNTWljcm9zZWMgTHRkLjEXMBUGA1UEYQwOVkFUSFUtMjM1ODQ0OTcxJDAiBgNVBAMMG2UtU3ppZ25vIENsYXNzMyBTU0wgQ0EgMjAxNw==", "whitelist": false, "attachment": {"hash": "f875b715f8027d390ccd47c7e62fa9a8cb805078002c5447fead8ec98441abbd", "size": 1435, "filename": "69Duo3nmlQnUEvqzlU27qTDaDY9K1yN0wfdopIs9Y7s=.pem", "location": "security-state-staging/intermediates/1986ba70-a9d5-4c04-9f62-2c8f532bde42.pem", "mimetype": "application/x-pem-file"}, "pubKeyHash": "69Duo3nmlQnUEvqzlU27qTDaDY9K1yN0wfdopIs9Y7s=", "crlite_enrolled": false, "id": "0b79b1b7-45eb-4167-b5a4-52c77a4ae693", "last_modified": 1693342624038}