{"schema": 1698353584270, "derHash": "+OEat/gzu+k70Tu+0+MKPqup40pFEONEq8k0BMJtGAE=", "subject": "CN=ZDNS ECC EV SSL CA,O=\u4e92\u8054\u7f51\u57df\u540d\u7cfb\u7edf\u5317\u4eac\u5e02\u5de5\u7a0b\u7814\u7a76\u4e2d\u5fc3\u6709\u9650\u516c\u53f8,C=CN", "subjectDN": "MHExCzAJBgNVBAYTAkNOMUUwQwYDVQQKDDzkupLogZTnvZHln5/lkI3ns7vnu5/ljJfkuqzluILlt6XnqIvnoJTnqbbkuK3lv4PmnInpmZDlhazlj7gxGzAZBgNVBAMTElpETlMgRUNDIEVWIFNTTCBDQQ==", "whitelist": false, "attachment": {"hash": "d291fcf4b9c3dd7899d290b91c081c37d5f4f584a63641e836692513914462b9", "size": 1264, "filename": "E7KBGe5PvuRcg4hyZXb7k2MMDyymhBAYfQXlw7k4cAY=.pem", "location": "security-state-staging/intermediates/bc6d3f60-6e18-45f1-9d40-ed6769c89232.pem", "mimetype": "application/x-pem-file"}, "pubKeyHash": "E7KBGe5PvuRcg4hyZXb7k2MMDyymhBAYfQXlw7k4cAY=", "crlite_enrolled": false, "id": "11175cc2-4531-4e0d-8748-bd38f286ac37", "last_modified": 1698353823411}