{"schema": 1702486085692, "derHash": "g0aSLLhzC7aucasDv8QkYvQWBCPZB5vmQ4ViGsWHdnI=", "subject": "CN=Cybertrust Japan SureServer CA G4,O=Cybertrust Japan Co.\\, Ltd.,C=JP", "subjectDN": "MF4xCzAJBgNVBAYTAkpQMSMwIQYDVQQKExpDeWJlcnRydXN0IEphcGFuIENvLiwgTHRkLjEqMCgGA1UEAxMhQ3liZXJ0cnVzdCBKYXBhbiBTdXJlU2VydmVyIENBIEc0", "whitelist": false, "attachment": {"hash": "1c24671ce668c95b4f55ebb766c3a802692898e52ea09312bec303f2d3ef9e46", "size": 1792, "filename": "rS4Ex7fMz9dQhgdB6qjxP-jJJQwjIeb-7RhvvdO6xy8=.pem", "location": "security-state-staging/intermediates/bbaf0f46-8126-403d-b143-4e1eb27f9cd6.pem", "mimetype": "application/x-pem-file"}, "pubKeyHash": "rS4Ex7fMz9dQhgdB6qjxP+jJJQwjIeb+7RhvvdO6xy8=", "crlite_enrolled": false, "id": "16279f1b-5776-48e4-9244-7efe39ec603d", "last_modified": 1702486623385}