{"schema": 1702352885755, "derHash": "B26nNYOJQQ34XZEdJRuaWCxeb2hODwRu1DAYfwUzrvw=", "subject": "CN=CFCA OV RSA CA,O=China Financial Certification Authority,C=CN", "subjectDN": "MFgxCzAJBgNVBAYTAkNOMTAwLgYDVQQKDCdDaGluYSBGaW5hbmNpYWwgQ2VydGlmaWNhdGlvbiBBdXRob3JpdHkxFzAVBgNVBAMMDkNGQ0EgT1YgUlNBIENB", "whitelist": false, "attachment": {"hash": "e326ed8724e104b43f7a73dadcafea08ad7d6fdd820d8a4558bea5ddd1072ce6", "size": 1735, "filename": "oDH56AcLYxtHRL0Vzs-6NObCXyFWaCqKf19VIrBXVKY=.pem", "location": "security-state-staging/intermediates/dd558b1b-c233-4ce6-b488-e22e9314516b.pem", "mimetype": "application/x-pem-file"}, "pubKeyHash": "oDH56AcLYxtHRL0Vzs+6NObCXyFWaCqKf19VIrBXVKY=", "crlite_enrolled": false, "id": "18d9efdc-6b6e-4d9f-ad58-bfd9db3909f6", "last_modified": 1702353423378}