{"schema": 1713279247562, "derHash": "qHnLAaJmHCVbnCub4LILp07qlUbiGoLFcOF3z1v0rto=", "subject": "CN=KeepTrust DV TLS RSA CA G1,O=Shanghai Huandu Info Tech Co. Ltd.,C=CN", "subjectDN": "MF8xCzAJBgNVBAYTAkNOMSswKQYDVQQKEyJTaGFuZ2hhaSBIdWFuZHUgSW5mbyBUZWNoIENvLiBMdGQuMSMwIQYDVQQDExpLZWVwVHJ1c3QgRFYgVExTIFJTQSBDQSBHMQ==", "whitelist": false, "attachment": {"hash": "93a741fbafcd5340a19168c4bd08054a4848435b3be5fe670b8f11c2375684aa", "size": 2207, "filename": "bOEjmQANKVH0X6KYfPDfKE84GnLDQ9OEma-H2A_9vsM=.pem", "location": "security-state-staging/intermediates/a8577b4a-44b2-44d9-860f-74a05b5f338f.pem", "mimetype": "application/x-pem-file"}, "pubKeyHash": "bOEjmQANKVH0X6KYfPDfKE84GnLDQ9OEma+H2A/9vsM=", "crlite_enrolled": false, "id": "1a5f9580-38a5-4f0e-821b-2973701c1722", "last_modified": 1713279423465}