{"schema": 1709322856380, "derHash": "sF4Fz8v4GBPsMPo/dJIKoj/tNn4UfMgeESH2RphEnQ8=", "subject": "CN=WISeKey CertifyID SSL GC CA 1,O=WISeKey,C=CH", "subjectDN": "MEcxCzAJBgNVBAYTAkNIMRAwDgYDVQQKDAdXSVNlS2V5MSYwJAYDVQQDDB1XSVNlS2V5IENlcnRpZnlJRCBTU0wgR0MgQ0EgMQ==", "whitelist": false, "attachment": {"hash": "d3ef1dcec7ca6721c8f698c1c8f6d88f5264f9596c6842ced7c780c3cbe4b79b", "size": 1130, "filename": "IUntA2TGvGsJRd1XrGg2Y7dxJ73p4cADKYPamKiIAPs=.pem", "location": "security-state-staging/intermediates/338dc342-323f-41a6-8c50-062822784a9a.pem", "mimetype": "application/x-pem-file"}, "pubKeyHash": "IUntA2TGvGsJRd1XrGg2Y7dxJ73p4cADKYPamKiIAPs=", "crlite_enrolled": false, "id": "1a94aa13-0606-4858-923c-41f0aceb9941", "last_modified": 1709323057622}