{"schema": 1698353583663, "derHash": "QcKfgLkY75YFzdzr29smg8MQxc8Kp9jr9niDk1AekLk=", "subject": "CN=ZDNS RSA EV SSL CA,O=\u4e92\u8054\u7f51\u57df\u540d\u7cfb\u7edf\u5317\u4eac\u5e02\u5de5\u7a0b\u7814\u7a76\u4e2d\u5fc3\u6709\u9650\u516c\u53f8,C=CN", "subjectDN": "MHExCzAJBgNVBAYTAkNOMUUwQwYDVQQKDDzkupLogZTnvZHln5/lkI3ns7vnu5/ljJfkuqzluILlt6XnqIvnoJTnqbbkuK3lv4PmnInpmZDlhazlj7gxGzAZBgNVBAMTElpETlMgUlNBIEVWIFNTTCBDQQ==", "whitelist": false, "attachment": {"hash": "ed6b1b93a3d3c74cf05119369cd7e778ff80f551bbf26b70eb5fc197558682d6", "size": 2280, "filename": "nsJxQPXGOMFqBzDqAsZFph87o95exDDQI8Fn87kP8ow=.pem", "location": "security-state-staging/intermediates/a5f11967-825b-461c-ad33-dc72b92a6cec.pem", "mimetype": "application/x-pem-file"}, "pubKeyHash": "nsJxQPXGOMFqBzDqAsZFph87o95exDDQI8Fn87kP8ow=", "crlite_enrolled": false, "id": "1cd3d46c-8877-43c9-a021-e649445e51b7", "last_modified": 1698353823406}