{"schema": 1710795243216, "derHash": "N53ZNUfsvhz2f32UrS/D3GLPFuZ31xITVl0KyZJ+5V4=", "subject": "CN=MarketWare RSA Domain Validation Secure Server CA 3,O=MarketWare - Solu\u00e7\u00f5es para Mercados Digitais\\, Lda.,C=PT", "subjectDN": "MIGKMQswCQYDVQQGEwJQVDE9MDsGA1UECgw0TWFya2V0V2FyZSAtIFNvbHXDp8O1ZXMgcGFyYSBNZXJjYWRvcyBEaWdpdGFpcywgTGRhLjE8MDoGA1UEAxMzTWFya2V0V2FyZSBSU0EgRG9tYWluIFZhbGlkYXRpb24gU2VjdXJlIFNlcnZlciBDQSAz", "whitelist": false, "attachment": {"hash": "20ff6348a25369a532d720e964d6d0705902f3aba8e88dc10132304da34f25ba", "size": 2292, "filename": "cPk3iWChPK4OBkAMXZkVl0nHVot2WEoaEc4JShoOgXk=.pem", "location": "security-state-staging/intermediates/fd4cdd62-8c22-4f42-b396-b7eb3ca60553.pem", "mimetype": "application/x-pem-file"}, "pubKeyHash": "cPk3iWChPK4OBkAMXZkVl0nHVot2WEoaEc4JShoOgXk=", "crlite_enrolled": false, "id": "1ff8e545-a74d-4ec5-b7a2-f3fbaf355c06", "last_modified": 1710795423416}