{"schema": 1702979284438, "derHash": "VMZg2inXX8gfB61tyLt67iJY4HHosQd1RPpWIv9EyZ0=", "subject": "CN=WE3,O=Google Trust Services,C=US", "subjectDN": "MDsxCzAJBgNVBAYTAlVTMR4wHAYDVQQKExVHb29nbGUgVHJ1c3QgU2VydmljZXMxDDAKBgNVBAMTA1dFMw==", "whitelist": false, "attachment": {"hash": "5f69b98f75457dd75b1fc0a89ec577a9ba7d8fdcfb3957bdc2a3d2c593652244", "size": 943, "filename": "daBIAnKdRIX3bqM85I6We7wBUh0DPycNFBMvYkXGX2Q=.pem", "location": "security-state-staging/intermediates/7405438c-69c0-4704-a55b-babb5322df47.pem", "mimetype": "application/x-pem-file"}, "pubKeyHash": "daBIAnKdRIX3bqM85I6We7wBUh0DPycNFBMvYkXGX2Q=", "crlite_enrolled": false, "id": "2341b1ef-a5b9-45d6-9333-5f146e9e60a8", "last_modified": 1702979823380}