{"schema": 1702486084138, "derHash": "tyMnOjUGxr7YXwg9pWJzS+CfLEet5HMXgx1jqovieKU=", "subject": "CN=Cybertrust Japan SureServer EV CA G3,O=Cybertrust Japan Co.\\, Ltd.,C=JP", "subjectDN": "MGExCzAJBgNVBAYTAkpQMSMwIQYDVQQKExpDeWJlcnRydXN0IEphcGFuIENvLiwgTHRkLjEtMCsGA1UEAxMkQ3liZXJ0cnVzdCBKYXBhbiBTdXJlU2VydmVyIEVWIENBIEcz", "whitelist": false, "attachment": {"hash": "d764598a0c68977c0a59932194309f858c7c76dce31f38e15a84b22b718b49d2", "size": 1796, "filename": "zJoepoy-7XeJoRmjbR7_i8oZ1WEujOKGTD9NNM0uWHM=.pem", "location": "security-state-staging/intermediates/7b0627e5-46dd-4a39-bfbf-9008ac22545a.pem", "mimetype": "application/x-pem-file"}, "pubKeyHash": "zJoepoy+7XeJoRmjbR7/i8oZ1WEujOKGTD9NNM0uWHM=", "crlite_enrolled": false, "id": "241a27dc-6ea8-4c6a-9971-ee313af5e225", "last_modified": 1702486623382}