{"schema": 1714384142579, "derHash": "DdM/o2bKAoCNKaXBxFZJarUBXDYE6yHBAUBq8lM9mYo=", "subject": "CN=JoySSL OV Secure Server CA G1,O=JoySSL Limited,C=CN", "subjectDN": "ME4xCzAJBgNVBAYTAkNOMRcwFQYDVQQKEw5Kb3lTU0wgTGltaXRlZDEmMCQGA1UEAxMdSm95U1NMIE9WIFNlY3VyZSBTZXJ2ZXIgQ0EgRzE=", "whitelist": false, "attachment": {"hash": "e961da4ab42fd2633d4e7a7970ba2f972ebde2c8bd68a2eac4751f802d2cb816", "size": 2198, "filename": "DgRu4eBFqtUDTN-UkWIoybum_t54rCgrv-U-lRXORBw=.pem", "location": "security-state-staging/intermediates/cdaa5dd0-80c0-4b91-b53f-cd8652ca483f.pem", "mimetype": "application/x-pem-file"}, "pubKeyHash": "DgRu4eBFqtUDTN+UkWIoybum/t54rCgrv+U+lRXORBw=", "crlite_enrolled": false, "id": "244aeb2d-bf5f-4431-82a1-1d1744733921", "last_modified": 1714384623497}