{"schema": 1700646486816, "derHash": "E4Du1mssMWYS1fbn72jC00YFgv6pTgDGwnWV+Rk049k=", "subject": "CN=CommScope Public Trust RSA Sub-CA-01-01,O=CommScope,C=US", "subjectDN": "MFMxCzAJBgNVBAYTAlVTMRIwEAYDVQQKDAlDb21tU2NvcGUxMDAuBgNVBAMMJ0NvbW1TY29wZSBQdWJsaWMgVHJ1c3QgUlNBIFN1Yi1DQS0wMS0wMQ==", "whitelist": false, "attachment": {"hash": "7c11c1b878f79f9e702f18c2a9340e77d2a3a26d92b6fbaefc47260195b201f2", "size": 2560, "filename": "PuzSWf62hnlXmDTvun4KqmESMLeim7gU8LRuyOQPieY=.pem", "location": "security-state-staging/intermediates/8db659e4-ad44-4c01-a7d3-986d7aa7cd0c.pem", "mimetype": "application/x-pem-file"}, "pubKeyHash": "PuzSWf62hnlXmDTvun4KqmESMLeim7gU8LRuyOQPieY=", "crlite_enrolled": false, "id": "24f99808-5e61-4042-87d3-feaa84f7b8ab", "last_modified": 1700647023201}