{"schema": 1702352886056, "derHash": "aQ3Vq2kACYEzObxmjG04ORRPNOF+W+fwlYh56angV/s=", "subject": "CN=CFCA DV ECC CA,O=China Financial Certification Authority,C=CN", "subjectDN": "MFgxCzAJBgNVBAYTAkNOMTAwLgYDVQQKDCdDaGluYSBGaW5hbmNpYWwgQ2VydGlmaWNhdGlvbiBBdXRob3JpdHkxFzAVBgNVBAMMDkNGQ0EgRFYgRUNDIENB", "whitelist": false, "attachment": {"hash": "de5c1276a142ce3215f26b9d34df3e6b9c947ebad516149c89a1a382807bc023", "size": 1735, "filename": "QCrNhyXiWTS-zTKMhcNGYuaF3Sh-qCy3Hr77ZyQ-XTA=.pem", "location": "security-state-staging/intermediates/f004a08f-2c32-40e8-b2b9-9fded843766e.pem", "mimetype": "application/x-pem-file"}, "pubKeyHash": "QCrNhyXiWTS+zTKMhcNGYuaF3Sh+qCy3Hr77ZyQ+XTA=", "crlite_enrolled": false, "id": "27a87848-2d12-4437-90f7-c2ddf5caf834", "last_modified": 1702353423368}