{"schema": 1710557650551, "derHash": "Xf2zzzGybyPYfAnzoM72QvZAaan7fP4pJwu13A8eFrs=", "subject": "CN=E5,O=Let's Encrypt,C=US", "subjectDN": "MDIxCzAJBgNVBAYTAlVTMRYwFAYDVQQKEw1MZXQncyBFbmNyeXB0MQswCQYDVQQDEwJFNQ==", "whitelist": false, "attachment": {"hash": "9b0bc663a1b51bce1c95a42b86e234cd0f9d724eff86544bc703307ca8192cab", "size": 1565, "filename": "NYbU7PBwV4y9J67c4guWTki8FJ-uudrXL0a4V4aRcrg=.pem", "location": "security-state-staging/intermediates/abe14e76-5c32-4ec0-8b94-c1a2ab5451fe.pem", "mimetype": "application/x-pem-file"}, "pubKeyHash": "NYbU7PBwV4y9J67c4guWTki8FJ+uudrXL0a4V4aRcrg=", "crlite_enrolled": false, "id": "28e14e4f-c8a2-45e2-afe1-1c62a1afe3c1", "last_modified": 1710557823258}