{"schema": 1711079328231, "derHash": "eQidoGeOCFCA5Y1UxGKzE+94QWqHJPrOfRqJN0OOAMc=", "subject": "CN=Leocert TLS Issuing ECC CA 1,O=Leocert LLC,C=US", "subjectDN": "MEoxCzAJBgNVBAYTAlVTMRQwEgYDVQQKDAtMZW9jZXJ0IExMQzElMCMGA1UEAwwcTGVvY2VydCBUTFMgSXNzdWluZyBFQ0MgQ0EgMQ==", "whitelist": false, "attachment": {"hash": "3c2391cb93c7441025a1e056e161c4d31acb51039c0f8720ee0598ebe26e35d6", "size": 1089, "filename": "VCKMSEPlE_Wm1yh1cVkPT9qFW95J646OM9DdihnTErc=.pem", "location": "security-state-staging/intermediates/7d525c97-e82d-4f3a-be44-21c246617a24.pem", "mimetype": "application/x-pem-file"}, "pubKeyHash": "VCKMSEPlE/Wm1yh1cVkPT9qFW95J646OM9DdihnTErc=", "crlite_enrolled": false, "id": "2945ac79-f854-4685-a0ec-f140cdf5e8c7", "last_modified": 1711079823129}