{"schema": 1705503184603, "derHash": "O3TYFdCt2LpBKjdmyAXk8R+UaUO+jxip0Ze1JvtCBrw=", "subject": "CN=GlobalSign Atlas ECCR5 DV ACME CA 2024 Q2,O=GlobalSign nv-sa,C=BE", "subjectDN": "MFwxCzAJBgNVBAYTAkJFMRkwFwYDVQQKExBHbG9iYWxTaWduIG52LXNhMTIwMAYDVQQDEylHbG9iYWxTaWduIEF0bGFzIEVDQ1I1IERWIEFDTUUgQ0EgMjAyNCBRMg==", "whitelist": false, "attachment": {"hash": "f43a7319419277da02713d279b13c9c47c4b2c27cf274950950e869a2a80fdd2", "size": 1199, "filename": "Tqawg980bEmVmlcprDRzsWCQaVSSAyhXqTZKLixoUJY=.pem", "location": "security-state-staging/intermediates/75bf6801-9feb-4ef7-a8ff-8ca9a44efb83.pem", "mimetype": "application/x-pem-file"}, "pubKeyHash": "Tqawg980bEmVmlcprDRzsWCQaVSSAyhXqTZKLixoUJY=", "crlite_enrolled": false, "id": "2c45c42f-5c83-4ab5-8e5f-a29a5186bdb1", "last_modified": 1705503423144}