{"schema": 1698353582759, "derHash": "PMLBMvwjtaxnX4n4GXQQUgjR6qP7YbQGFf6ipoaOffk=", "subject": "CN=ZDNS RSA DV SSL CA,O=\u4e92\u8054\u7f51\u57df\u540d\u7cfb\u7edf\u5317\u4eac\u5e02\u5de5\u7a0b\u7814\u7a76\u4e2d\u5fc3\u6709\u9650\u516c\u53f8,C=CN", "subjectDN": "MHExCzAJBgNVBAYTAkNOMUUwQwYDVQQKDDzkupLogZTnvZHln5/lkI3ns7vnu5/ljJfkuqzluILlt6XnqIvnoJTnqbbkuK3lv4PmnInpmZDlhazlj7gxGzAZBgNVBAMTElpETlMgUlNBIERWIFNTTCBDQQ==", "whitelist": false, "attachment": {"hash": "5c4b66bee6cee9f123e3a30f4f551b0d58d4b8d64d8f573b677153f55cf9ceea", "size": 2300, "filename": "wsmLMLMBzij4PyD0NLtZjfvmy8w2zz3tsKaERPVIO58=.pem", "location": "security-state-staging/intermediates/5b3aac97-9e80-4021-9262-6bbc930f6dda.pem", "mimetype": "application/x-pem-file"}, "pubKeyHash": "wsmLMLMBzij4PyD0NLtZjfvmy8w2zz3tsKaERPVIO58=", "crlite_enrolled": false, "id": "2ef2f30a-3142-4813-994a-4c329c2bf3df", "last_modified": 1698353823403}