{"schema": 1691462894840, "derHash": "Qe/vRv0OQ0tkS7R+biEYKo3vWbHm4fKVJYf6KL8QpKI=", "subject": "CN=SSL.com IV TLS Issuing ECC CA 1,O=SSL Corporation,C=US", "subjectDN": "MFExCzAJBgNVBAYTAlVTMRgwFgYDVQQKDA9TU0wgQ29ycG9yYXRpb24xKDAmBgNVBAMMH1NTTC5jb20gSVYgVExTIElzc3VpbmcgRUNDIENBIDE=", "whitelist": false, "attachment": {"hash": "e88acf9afc43d290a3fa794b905a8d4fe26e62824f31485ef5c85fb9d7ed63b7", "size": 1171, "filename": "Zd5CFIWdko8GdSBgv9xIY2vQLDplCKAQgT7bRrFKcVo=.pem", "location": "security-state-staging/intermediates/4196e7ad-0298-4ef6-9184-b3efc81bde4e.pem", "mimetype": "application/x-pem-file"}, "pubKeyHash": "Zd5CFIWdko8GdSBgv9xIY2vQLDplCKAQgT7bRrFKcVo=", "crlite_enrolled": false, "id": "2fcc29bf-5bfd-4b00-b60f-fc5dfc96d040", "last_modified": 1691463423532}