{"schema": 1713473658968, "derHash": "a0DT26rWi+boBOMghfeDfO4It8T6apkLNiJ6bc/whzs=", "subject": "CN=PerfectSSL,O=PerfectSSL,C=NL", "subjectDN": "MDcxCzAJBgNVBAYTAk5MMRMwEQYDVQQKEwpQZXJmZWN0U1NMMRMwEQYDVQQDEwpQZXJmZWN0U1NM", "whitelist": false, "attachment": {"hash": "b75222a66459085ea18be6201277a8268889995fe60f7044c2c32aeb6ff40dd0", "size": 1959, "filename": "9RQ9clPdkWNhDziW0svuZ7LXhk0f0s2Ml81OxcqhrqQ=.pem", "location": "security-state-staging/intermediates/cb51eabd-87f1-4373-9b0b-6a1bb18d1c79.pem", "mimetype": "application/x-pem-file"}, "pubKeyHash": "9RQ9clPdkWNhDziW0svuZ7LXhk0f0s2Ml81OxcqhrqQ=", "crlite_enrolled": false, "id": "342b832e-bb1f-4408-9906-ff1b291f3e96", "last_modified": 1713473823432}