{"schema": 1713452052160, "derHash": "pASsAuj1JVRLso6goYYX86NbeohSFnIioVT8kzYYLss=", "subject": "CN=GlobalSign Atlas R3 DV ACME CA 2024 Q3,O=GlobalSign nv-sa,C=BE", "subjectDN": "MFkxCzAJBgNVBAYTAkJFMRkwFwYDVQQKExBHbG9iYWxTaWduIG52LXNhMS8wLQYDVQQDEyZHbG9iYWxTaWduIEF0bGFzIFIzIERWIEFDTUUgQ0EgMjAyNCBRMw==", "whitelist": false, "attachment": {"hash": "b87712ddee405f5ff47745b3d15c297140ce8a5628486ca931d5166437af9b7a", "size": 1642, "filename": "n0ok38zjxt5xKpAOUFN0RAxAj9vFO81o9e8rEj2babo=.pem", "location": "security-state-staging/intermediates/8c8d128c-3e31-4770-a244-a0a4bdc08225.pem", "mimetype": "application/x-pem-file"}, "pubKeyHash": "n0ok38zjxt5xKpAOUFN0RAxAj9vFO81o9e8rEj2babo=", "crlite_enrolled": false, "id": "34d5cc70-950c-4069-8c9b-ae50a21b4334", "last_modified": 1713452223311}