{"schema": 1710557648300, "derHash": "d1TKt8Ja0mBaaB46BBh8Hjs6RvGIqCR9yG4CoPwzb5E=", "subject": "CN=Tesla China Public RSA TLS Issuing CA 2024,O=Tesla\\, Inc.,C=US", "subjectDN": "MFgxCzAJBgNVBAYTAlVTMRQwEgYDVQQKEwtUZXNsYSwgSW5jLjEzMDEGA1UEAxMqVGVzbGEgQ2hpbmEgUHVibGljIFJTQSBUTFMgSXNzdWluZyBDQSAyMDI0", "whitelist": false, "attachment": {"hash": "1ebc266e5393c8914867037b06e2f36582ae5ba4d30caac2627367872a217b92", "size": 2328, "filename": "OTunEZ8hph3f2IjPSz6uBOtO1dr9gSAT6QkdsRjLvIc=.pem", "location": "security-state-staging/intermediates/fdf0eed3-116e-4072-84ba-a4db196264d2.pem", "mimetype": "application/x-pem-file"}, "pubKeyHash": "OTunEZ8hph3f2IjPSz6uBOtO1dr9gSAT6QkdsRjLvIc=", "crlite_enrolled": false, "id": "38d93572-6ab8-45ba-885a-08ffb780251e", "last_modified": 1710557823236}