{"schema": 1710557648653, "derHash": "nXw/GqatKy7A1c8eJG+NmubLyf0HVa03u5dLHy+2A/M=", "subject": "CN=R10,O=Let's Encrypt,C=US", "subjectDN": "MDMxCzAJBgNVBAYTAlVTMRYwFAYDVQQKEw1MZXQncyBFbmNyeXB0MQwwCgYDVQQDEwNSMTA=", "whitelist": false, "attachment": {"hash": "c81d1bd2445e83c128c7d552399b6488c0aa07373b79cf7e6ff4bcf9fbf6ada4", "size": 1800, "filename": "K7rZOrXHknnsEhUH8nLL4MZkejquUuIvOIr6tCa0rbo=.pem", "location": "security-state-staging/intermediates/9f6c1f8c-f285-4901-982b-1b77f1fecfbf.pem", "mimetype": "application/x-pem-file"}, "pubKeyHash": "K7rZOrXHknnsEhUH8nLL4MZkejquUuIvOIr6tCa0rbo=", "crlite_enrolled": false, "id": "3911db43-1240-493b-8579-eb57a02d958f", "last_modified": 1710557823241}