{"schema": 1697644095794, "derHash": "V6RNSmkCPZW+uJphpCZXn0U7wUbyqZiYfzxyFueKS50=", "subject": "CN=GlobalSign Atlas R3 DV ACME CA 2024 Q1,O=GlobalSign nv-sa,C=BE", "subjectDN": "MFkxCzAJBgNVBAYTAkJFMRkwFwYDVQQKExBHbG9iYWxTaWduIG52LXNhMS8wLQYDVQQDEyZHbG9iYWxTaWduIEF0bGFzIFIzIERWIEFDTUUgQ0EgMjAyNCBRMQ==", "whitelist": false, "attachment": {"hash": "4dc6ecbf99831b7c62dadeb270d2f4dab4c1fb09c65db1fc46797b6ccb934f9f", "size": 1642, "filename": "SQy-TLN02IERfG7c95byk9WP5It2JHmn3U5TfnQSFZE=.pem", "location": "security-state-staging/intermediates/b4a30fa4-3327-4e69-a259-061f1c90359a.pem", "mimetype": "application/x-pem-file"}, "pubKeyHash": "SQy+TLN02IERfG7c95byk9WP5It2JHmn3U5TfnQSFZE=", "crlite_enrolled": false, "id": "3e25e317-784c-4a26-9be8-1ab56ce7f424", "last_modified": 1697644623318}