{"schema": 1710557649379, "derHash": "duniiKr8Djf0OQy/lGqtmX1cHJAbPOUT09j626viq4U=", "subject": "CN=E6,O=Let's Encrypt,C=US", "subjectDN": "MDIxCzAJBgNVBAYTAlVTMRYwFAYDVQQKEw1MZXQncyBFbmNyeXB0MQswCQYDVQQDEwJFNg==", "whitelist": false, "attachment": {"hash": "3ebd77749d7810d81e7b5330f2432d81311cb84798964a819ae7098326312cfb", "size": 1565, "filename": "0Bbh_jEZSKymTy3kTOhsmlHKBB32EDu1KojrP3YfV9c=.pem", "location": "security-state-staging/intermediates/724bdee9-0f01-4959-858a-d38b832f352f.pem", "mimetype": "application/x-pem-file"}, "pubKeyHash": "0Bbh/jEZSKymTy3kTOhsmlHKBB32EDu1KojrP3YfV9c=", "crlite_enrolled": false, "id": "3ee6f34f-6f4d-4fa3-a105-c1403c0d5d87", "last_modified": 1710557823252}