{"schema": 1692154077124, "derHash": "ZSPDTx6Hmt12A8sgSKiYpeLwxsS1EsDSJ4K4XUOuM3E=", "subject": "CN=DigiCert Global Root G2,OU=www.digicert.com,O=DigiCert Inc,C=US", "subjectDN": "MGExCzAJBgNVBAYTAlVTMRUwEwYDVQQKEwxEaWdpQ2VydCBJbmMxGTAXBgNVBAsTEHd3dy5kaWdpY2VydC5jb20xIDAeBgNVBAMTF0RpZ2lDZXJ0IEdsb2JhbCBSb290IEcy", "whitelist": false, "attachment": {"hash": "1faa137dd2ee40cf50b2a051a7173d1010108a663e5440ea1fbac6c0031bf529", "size": 1622, "filename": "i7WTqTvh0OioIruIfFR4kMPnBqrS2rdiVPl_s2uC_CY=.pem", "location": "security-state-staging/intermediates/104e770c-06a1-4448-b8d3-2f728cdcec56.pem", "mimetype": "application/x-pem-file"}, "pubKeyHash": "i7WTqTvh0OioIruIfFR4kMPnBqrS2rdiVPl/s2uC/CY=", "crlite_enrolled": false, "id": "44effbc9-9ad4-4720-a022-dae2b23ec1d9", "last_modified": 1692154623711}