{"schema": 1703537607315, "derHash": "ctcW97tr0QVwT0K5UkkjUQ3LhbLYcMDpraWuuclpBRo=", "subject": "CN=ePKI Root Certification Authority - G2,O=Chunghwa Telecom Co.\\, Ltd.,C=TW", "subjectDN": "MGMxCzAJBgNVBAYTAlRXMSMwIQYDVQQKDBpDaHVuZ2h3YSBUZWxlY29tIENvLiwgTHRkLjEvMC0GA1UEAwwmZVBLSSBSb290IENlcnRpZmljYXRpb24gQXV0aG9yaXR5IC0gRzI=", "whitelist": false, "attachment": {"hash": "aff986340dcc592a5eacd96a6044c07f55438a9b0214921ea5306a0ea997fed9", "size": 2804, "filename": "tInMsiS5prgd0nTOr1IJwlKZjJp2r0jk9MUKByhGGCU=.pem", "location": "security-state-staging/intermediates/1cd7753f-d18c-4864-8129-0ea1a5092f75.pem", "mimetype": "application/x-pem-file"}, "pubKeyHash": "tInMsiS5prgd0nTOr1IJwlKZjJp2r0jk9MUKByhGGCU=", "crlite_enrolled": false, "id": "4e467304-4cae-4b24-8542-fa721e586cfb", "last_modified": 1703537823229}