{"schema": 1700621585126, "derHash": "4N1nQ9bQjiqxiITtHn5Gs9lyb/+psYZmQq6/Jm/aJlQ=", "subject": "CN=TrustAsia DV TLS RSA CA G3,O=TrustAsia Technologies\\, Inc.,C=CN", "subjectDN": "MFkxCzAJBgNVBAYTAkNOMSUwIwYDVQQKDBxUcnVzdEFzaWEgVGVjaG5vbG9naWVzLCBJbmMuMSMwIQYDVQQDDBpUcnVzdEFzaWEgRFYgVExTIFJTQSBDQSBHMw==", "whitelist": false, "attachment": {"hash": "e3a486ae0f27669283ac52e408e77393bbe7ba74eed3d7d6e60482865c1d290b", "size": 2463, "filename": "T21qUAje6E9fl90g8wWbialHnlVFqqtF6iOyY8qjamI=.pem", "location": "security-state-staging/intermediates/e99ab652-0607-41fc-9d13-f5d01bdcf726.pem", "mimetype": "application/x-pem-file"}, "pubKeyHash": "T21qUAje6E9fl90g8wWbialHnlVFqqtF6iOyY8qjamI=", "crlite_enrolled": false, "id": "4f319fc7-2f4d-4344-a756-115a452e2c76", "last_modified": 1700621823177}