{"schema": 1705503184291, "derHash": "zhGwCtONMJLmGASIZdKLXugtNn1ylt2DOJgYxVx32j4=", "subject": "CN=GlobalSign Atlas R3 AlphaSSL CA 2024 Q2,O=GlobalSign nv-sa,C=BE", "subjectDN": "MFoxCzAJBgNVBAYTAkJFMRkwFwYDVQQKExBHbG9iYWxTaWduIG52LXNhMTAwLgYDVQQDEydHbG9iYWxTaWduIEF0bGFzIFIzIEFscGhhU1NMIENBIDIwMjQgUTI=", "whitelist": false, "attachment": {"hash": "2549757a47de6df222ba832a4e2dc80ddc101798aecca4ba08115212fbefb8ea", "size": 1646, "filename": "9c92ps9ViIvqXXEV20RON5_nuySPkzdOhK2H-pSFAMo=.pem", "location": "security-state-staging/intermediates/8848d0fc-3773-482e-b90b-9b0e8793a0c9.pem", "mimetype": "application/x-pem-file"}, "pubKeyHash": "9c92ps9ViIvqXXEV20RON5/nuySPkzdOhK2H+pSFAMo=", "crlite_enrolled": false, "id": "54348587-ce92-452b-af71-eea27d062170", "last_modified": 1705503423142}