{"schema": 1700646487143, "derHash": "wmHuPUu9xFb/tnhoNj/tgMtcmtevP1pdrL4yvs3diKc=", "subject": "CN=TrustAsia EV TLS ECC CA G4,O=TrustAsia Technologies\\, Inc.,C=CN", "subjectDN": "MFkxCzAJBgNVBAYTAkNOMSUwIwYDVQQKDBxUcnVzdEFzaWEgVGVjaG5vbG9naWVzLCBJbmMuMSMwIQYDVQQDDBpUcnVzdEFzaWEgRVYgVExTIEVDQyBDQSBHNA==", "whitelist": false, "attachment": {"hash": "02ae542c9a65d7d5295ee961d24a8b2e609abde9cfec9675336097720aa12824", "size": 1317, "filename": "8yE4-1OesI1v8JXzpSp47XLFwrJh2fEhVnsstmEf3Kg=.pem", "location": "security-state-staging/intermediates/f748aac3-8517-41fb-a04a-345c350c8c0b.pem", "mimetype": "application/x-pem-file"}, "pubKeyHash": "8yE4+1OesI1v8JXzpSp47XLFwrJh2fEhVnsstmEf3Kg=", "crlite_enrolled": false, "id": "543e7451-9e2c-46e4-86e4-5bd8d7e912ba", "last_modified": 1700647023207}