{"schema": 1702979283765, "derHash": "sQtvAOYJUJ6HAPbTRoeiv8446gWo/fHNxAw6Kg0NDkU=", "subject": "CN=WR1,O=Google Trust Services,C=US", "subjectDN": "MDsxCzAJBgNVBAYTAlVTMR4wHAYDVQQKExVHb29nbGUgVHJ1c3QgU2VydmljZXMxDDAKBgNVBAMTA1dSMQ==", "whitelist": false, "attachment": {"hash": "f36fa7b73961008c46f560c5bb291bd2a76dae4e3fd4564ecc3f1d589f63bf3d", "size": 1808, "filename": "yDu9og255NN5GEf-Bwa9rTrqFQ0EydZ0r1FCh9TdAW4=.pem", "location": "security-state-staging/intermediates/e8838a0d-c424-498b-900c-656973dce5d6.pem", "mimetype": "application/x-pem-file"}, "pubKeyHash": "yDu9og255NN5GEf+Bwa9rTrqFQ0EydZ0r1FCh9TdAW4=", "crlite_enrolled": false, "id": "54de915e-a0b4-4748-a565-3e96ab41d70b", "last_modified": 1702979823377}