{"schema": 1696474076344, "derHash": "G6Av9KJWK75reZVjmQyIzFDhGCOVcZpOqoA5duL1CGA=", "subject": "CN=DigiCert TLS RSA4096 Root G5,O=DigiCert\\, Inc.,C=US", "subjectDN": "ME0xCzAJBgNVBAYTAlVTMRcwFQYDVQQKEw5EaWdpQ2VydCwgSW5jLjElMCMGA1UEAxMcRGlnaUNlcnQgVExTIFJTQTQwOTYgUm9vdCBHNQ==", "whitelist": false, "attachment": {"hash": "8ce67e5f0d98f4646648910cb7b465ec1bdd5157780a818fd142636047aa30c6", "size": 1938, "filename": "ape1HIIZ6T5d7GS61YBs3rD4NVvkfnVwELcCRW4Bqv0=.pem", "location": "security-state-staging/intermediates/f7f528a3-e05c-4589-ada4-084ba7358310.pem", "mimetype": "application/x-pem-file"}, "pubKeyHash": "ape1HIIZ6T5d7GS61YBs3rD4NVvkfnVwELcCRW4Bqv0=", "crlite_enrolled": false, "id": "58ddd3a7-2cac-4974-bfee-675697c8069a", "last_modified": 1696474622972}