{"schema": 1698353583372, "derHash": "6V7yx0cUxPVXt27yz+vDd59QEc31cqIxbUM1fMvzSJY=", "subject": "CN=ZDNS ECC DV SSL CA,O=\u4e92\u8054\u7f51\u57df\u540d\u7cfb\u7edf\u5317\u4eac\u5e02\u5de5\u7a0b\u7814\u7a76\u4e2d\u5fc3\u6709\u9650\u516c\u53f8,C=CN", "subjectDN": "MHExCzAJBgNVBAYTAkNOMUUwQwYDVQQKDDzkupLogZTnvZHln5/lkI3ns7vnu5/ljJfkuqzluILlt6XnqIvnoJTnqbbkuK3lv4PmnInpmZDlhazlj7gxGzAZBgNVBAMTElpETlMgRUNDIERWIFNTTCBDQQ==", "whitelist": false, "attachment": {"hash": "0f4a1a16129cf0e8fdae10260b682d7537819ef5ee23753a3c51f3b4152766be", "size": 1288, "filename": "hN8j8JnaY8WoonJHdr9CWMFJ_fEh8xq7ZeNGnaNUq0M=.pem", "location": "security-state-staging/intermediates/0c76c999-ac7b-47dc-a29b-ec6dbb694cf1.pem", "mimetype": "application/x-pem-file"}, "pubKeyHash": "hN8j8JnaY8WoonJHdr9CWMFJ/fEh8xq7ZeNGnaNUq0M=", "crlite_enrolled": false, "id": "58e90694-bb6f-4dbb-a80a-dcb0c5941377", "last_modified": 1698353823396}