{"schema": 1713563344664, "derHash": "/9DZ7uqvu0xE9xOS8gpS4PZYloVJMxOWQHIt7PwtRlg=", "subject": "CN=KeepTrust OV TLS RSA CA G1,O=Shanghai Huandu Info Tech Co. Ltd.,C=CN", "subjectDN": "MF8xCzAJBgNVBAYTAkNOMSswKQYDVQQKEyJTaGFuZ2hhaSBIdWFuZHUgSW5mbyBUZWNoIENvLiBMdGQuMSMwIQYDVQQDExpLZWVwVHJ1c3QgT1YgVExTIFJTQSBDQSBHMQ==", "whitelist": false, "attachment": {"hash": "7d3dd6bb2446b15df04ebc4b8c50d8a3dabf66fc2b32bab9b38bff6321f687a7", "size": 2207, "filename": "85cJCFYD08OgL627TkJaiRlaXlhLH-X69RT3h0uEcwM=.pem", "location": "security-state-staging/intermediates/15dfb64e-b086-408b-855c-8c562439f65c.pem", "mimetype": "application/x-pem-file"}, "pubKeyHash": "85cJCFYD08OgL627TkJaiRlaXlhLH+X69RT3h0uEcwM=", "crlite_enrolled": false, "id": "5af111fa-ed57-4069-b6ac-7e51199118e3", "last_modified": 1713563823123}