{"schema": 1695307683026, "derHash": "tyRQq/UEeor2PsnYfjMUhIULGEmiVQqCqG22tB7Th2A=", "subject": "CN=Certum EC-384 CA,OU=Certum Certification Authority,O=Asseco Data Systems S.A.,C=PL", "subjectDN": "MHQxCzAJBgNVBAYTAlBMMSEwHwYDVQQKExhBc3NlY28gRGF0YSBTeXN0ZW1zIFMuQS4xJzAlBgNVBAsTHkNlcnR1bSBDZXJ0aWZpY2F0aW9uIEF1dGhvcml0eTEZMBcGA1UEAxMQQ2VydHVtIEVDLTM4NCBDQQ==", "whitelist": false, "attachment": {"hash": "9f6d0c980c92ac6a3e9e0a1e42717fa38645b16394d41c870163e37ad342f093", "size": 1467, "filename": "3ntpMunERYLODeB6vat-6pDHXW0qBzMd9XvVy4hVPRM=.pem", "location": "security-state-staging/intermediates/f5b8aee1-184d-4879-a293-83a907ed9bb4.pem", "mimetype": "application/x-pem-file"}, "pubKeyHash": "3ntpMunERYLODeB6vat+6pDHXW0qBzMd9XvVy4hVPRM=", "crlite_enrolled": false, "id": "5c606c94-7cdb-4580-a055-0f6251dbdadf", "last_modified": 1695308223101}