{"schema": 1702486085984, "derHash": "QuRsRIdFkShRdklzFFe2riAJnVQb0YLFSXsuZ+b/0PY=", "subject": "CN=vTrus ECC OV SSL CA,O=iTrusChina Co.\\,Ltd.,C=CN", "subjectDN": "MEkxCzAJBgNVBAYTAkNOMRwwGgYDVQQKExNpVHJ1c0NoaW5hIENvLixMdGQuMRwwGgYDVQQDExN2VHJ1cyBFQ0MgT1YgU1NMIENB", "whitelist": false, "attachment": {"hash": "9a039a52d5e8d351f219305666a32564c917aa7d800fad7ae1c6f67c124b735f", "size": 1248, "filename": "atwg6ejpADR_jBbKnuSFzeAuVeHiQKJdUl2HSR0gLmU=.pem", "location": "security-state-staging/intermediates/422a5983-0489-4cd2-8b21-9eed0ec2384a.pem", "mimetype": "application/x-pem-file"}, "pubKeyHash": "atwg6ejpADR/jBbKnuSFzeAuVeHiQKJdUl2HSR0gLmU=", "crlite_enrolled": false, "id": "5e3187ba-e500-4d22-865b-3ba0e069935c", "last_modified": 1702486623376}