{"schema": 1710557646962, "derHash": "rrH9dBDoO8lvXaPGp8LBu4NtH6XLhucIUViQ5Ciodws=", "subject": "CN=E7,O=Let's Encrypt,C=US", "subjectDN": "MDIxCzAJBgNVBAYTAlVTMRYwFAYDVQQKEw1MZXQncyBFbmNyeXB0MQswCQYDVQQDEwJFNw==", "whitelist": false, "attachment": {"hash": "a3e3761ac2290e44f21dd83a3dee7616beb0fae40a86b7614df5aff5cfe0fbe2", "size": 1565, "filename": "y7xVm0TVJNahMr2sZydE2jQH8SquXV9yLF9seROHHHU=.pem", "location": "security-state-staging/intermediates/d709b849-5593-4c34-8c01-6c2667055f27.pem", "mimetype": "application/x-pem-file"}, "pubKeyHash": "y7xVm0TVJNahMr2sZydE2jQH8SquXV9yLF9seROHHHU=", "crlite_enrolled": false, "id": "5ec48a39-b128-4c18-ac18-78717882cf7a", "last_modified": 1710557823230}