{"schema": 1691462897692, "derHash": "hz8LqA46wiJlbf0EFYzBXCkn1C1dBfAd7kpH60OpFt8=", "subject": "CN=Sectigo Public Server Authentication CA DV E36,O=Sectigo Limited,C=GB", "subjectDN": "MGAxCzAJBgNVBAYTAkdCMRgwFgYDVQQKEw9TZWN0aWdvIExpbWl0ZWQxNzA1BgNVBAMTLlNlY3RpZ28gUHVibGljIFNlcnZlciBBdXRoZW50aWNhdGlvbiBDQSBEViBFMzY=", "whitelist": false, "attachment": {"hash": "06fac6b329e587905ce8e9269be181288e00ecf2d3126a91f7c00096ee958c9b", "size": 1228, "filename": "ZSagvDzjltLkewXEBuDxIzpW_dpVw1Juvvmd0hhkzdY=.pem", "location": "security-state-staging/intermediates/085d3204-699c-4a11-9127-0229a9d6a5d6.pem", "mimetype": "application/x-pem-file"}, "pubKeyHash": "ZSagvDzjltLkewXEBuDxIzpW/dpVw1Juvvmd0hhkzdY=", "crlite_enrolled": false, "id": "6153b2f9-41ef-4299-8f52-5d32deb66a1a", "last_modified": 1691463423580}