{"schema": 1702698486394, "derHash": "kvNRvz1UFk36jdj54ROdMVA0l4ZIXSue7NAOKXHB5sU=", "subject": "CN=Sectigo Public Server Authentication Root R46,O=Sectigo Limited,C=GB", "subjectDN": "MF8xCzAJBgNVBAYTAkdCMRgwFgYDVQQKEw9TZWN0aWdvIExpbWl0ZWQxNjA0BgNVBAMTLVNlY3RpZ28gUHVibGljIFNlcnZlciBBdXRoZW50aWNhdGlvbiBSb290IFI0Ng==", "whitelist": false, "attachment": {"hash": "1d6ba9f4a87acf2d3350366ab53367f2333574bf3944d21dcdd14afd0d3a17a8", "size": 2341, "filename": "Douxi77vs4G-Ib_BogbTFymEYq0QSFXwSgVCaZcI09Q=.pem", "location": "security-state-staging/intermediates/c7eebf9a-39ad-4708-9361-d05032a25ded.pem", "mimetype": "application/x-pem-file"}, "pubKeyHash": "Douxi77vs4G+Ib/BogbTFymEYq0QSFXwSgVCaZcI09Q=", "crlite_enrolled": false, "id": "6220cf95-dd0c-4ef5-9595-7def8f40b4fd", "last_modified": 1702699023177}