{"schema": 1713452053181, "derHash": "XwxjNtMYvQtG4YMlFJczYMmCkwH0ukKkAqU6WpQhYg4=", "subject": "CN=GlobalSign Atlas R3 DV TLS CA 2024 Q3,O=GlobalSign nv-sa,C=BE", "subjectDN": "MFgxCzAJBgNVBAYTAkJFMRkwFwYDVQQKExBHbG9iYWxTaWduIG52LXNhMS4wLAYDVQQDEyVHbG9iYWxTaWduIEF0bGFzIFIzIERWIFRMUyBDQSAyMDI0IFEz", "whitelist": false, "attachment": {"hash": "991f25b3e47b9047f93fd2d57d3e3c4a215a51a596d5da5a510fdb37db8d0016", "size": 1642, "filename": "JTrpt0XhAg9V4GwmsBhvwkOFUPBwqttAzQvQ_hbIHhc=.pem", "location": "security-state-staging/intermediates/607e70b5-ed2c-4fc2-8406-6b5c67e9ca13.pem", "mimetype": "application/x-pem-file"}, "pubKeyHash": "JTrpt0XhAg9V4GwmsBhvwkOFUPBwqttAzQvQ/hbIHhc=", "crlite_enrolled": false, "id": "628991ba-49ab-4da7-9cc9-47e8d75a6b6f", "last_modified": 1713452223319}