{"schema": 1710946446503, "derHash": "iv2h7XO/N13G4Jfbhxu/5M62jmE4HDm99qRXbcFxv7I=", "subject": "CN=Keysec GR3 OV TLS CA 2024,O=KEYSEC LTDA,C=BR", "subjectDN": "MEcxCzAJBgNVBAYTAkJSMRQwEgYDVQQKEwtLRVlTRUMgTFREQTEiMCAGA1UEAxMZS2V5c2VjIEdSMyBPViBUTFMgQ0EgMjAyNA==", "whitelist": false, "attachment": {"hash": "5f922fcec6e5bdeeb7c72bf6cb4d7cb9712affcd3ca7b2edf439390a7bdceee1", "size": 1618, "filename": "ffyswDTRpdykWIYlQPDpRA5VFTJ6omaHxk5W69jO8JA=.pem", "location": "security-state-staging/intermediates/59adb38b-7ec7-4ac1-afd9-e42cd392cf81.pem", "mimetype": "application/x-pem-file"}, "pubKeyHash": "ffyswDTRpdykWIYlQPDpRA5VFTJ6omaHxk5W69jO8JA=", "crlite_enrolled": false, "id": "662042eb-44f1-427f-b3a4-46109e55908c", "last_modified": 1710946623372}