{"schema": 1713452051434, "derHash": "cUNFpm0G0yXP4F4GJsA5rYEBaTvUcLxOldh0/UgKImE=", "subject": "CN=GlobalSign Atlas ECCR5 DV TLS CA 2024 Q3,O=GlobalSign nv-sa,C=BE", "subjectDN": "MFsxCzAJBgNVBAYTAkJFMRkwFwYDVQQKExBHbG9iYWxTaWduIG52LXNhMTEwLwYDVQQDEyhHbG9iYWxTaWduIEF0bGFzIEVDQ1I1IERWIFRMUyBDQSAyMDI0IFEz", "whitelist": false, "attachment": {"hash": "c1c5d766dab9839f49866c5209c2b0bbb888f2c4dc0434a8ab99b487d19216ba", "size": 1199, "filename": "FWvyMI4mJOnhz__Y2pSFT5jWfbr0dWQe-o9q4QYbVC8=.pem", "location": "security-state-staging/intermediates/89081b55-c3d0-485b-a757-eb475ba4fbe7.pem", "mimetype": "application/x-pem-file"}, "pubKeyHash": "FWvyMI4mJOnhz//Y2pSFT5jWfbr0dWQe+o9q4QYbVC8=", "crlite_enrolled": false, "id": "68ceea86-103e-4d57-87c8-d4e2ef4b70a2", "last_modified": 1713452223300}