{"schema": 1705503183954, "derHash": "meY7Gp5MMkZkApw0AnXjCMYQGMvC6EzY6iNmVC6qMJw=", "subject": "CN=GlobalSign Atlas ECCR5 OV TLS CA 2024 Q2,O=GlobalSign nv-sa,C=BE", "subjectDN": "MFsxCzAJBgNVBAYTAkJFMRkwFwYDVQQKExBHbG9iYWxTaWduIG52LXNhMTEwLwYDVQQDEyhHbG9iYWxTaWduIEF0bGFzIEVDQ1I1IE9WIFRMUyBDQSAyMDI0IFEy", "whitelist": false, "attachment": {"hash": "311cc1bba7123536e422149dbead2358daf0ac44b490f73530151d2f01a23cbe", "size": 1199, "filename": "TllTpSwnffvffqGBbCRqwBy-Y5hzCrkbySiflulE_PA=.pem", "location": "security-state-staging/intermediates/9f00d1ae-c133-495d-96d0-628305873ab1.pem", "mimetype": "application/x-pem-file"}, "pubKeyHash": "TllTpSwnffvffqGBbCRqwBy+Y5hzCrkbySiflulE/PA=", "crlite_enrolled": false, "id": "72c8b3ce-4055-4ae8-817f-119b691b2d87", "last_modified": 1705503423137}