{"schema": 1710557650889, "derHash": "07EoIWqEP47xMhUB9d9Spd9Sk57iwZKXcSzT3k1Bk1Q=", "subject": "CN=R13,O=Let's Encrypt,C=US", "subjectDN": "MDMxCzAJBgNVBAYTAlVTMRYwFAYDVQQKEw1MZXQncyBFbmNyeXB0MQwwCgYDVQQDEwNSMTM=", "whitelist": false, "attachment": {"hash": "8efd63a1350e6eced60418673bc51aa42d82242a553e6bddee30765207732a84", "size": 1800, "filename": "AlSQhgtJirc8ahLyekmtX-Iw-v46yPYRLJt9Cq1GlB0=.pem", "location": "security-state-staging/intermediates/00e94c9e-039c-4ac0-afb5-95fb4af9247a.pem", "mimetype": "application/x-pem-file"}, "pubKeyHash": "AlSQhgtJirc8ahLyekmtX+Iw+v46yPYRLJt9Cq1GlB0=", "crlite_enrolled": false, "id": "740850ff-e7cb-484e-a7a5-fa7b77642099", "last_modified": 1710557823228}