{"schema": 1691462892530, "derHash": "aCVdXqUtLKmgsfjv+PRGzsyVqApdiA22gfFjDAtLIU0=", "subject": "CN=SSL.com EV TLS Issuing ECC CA R1,O=SSL Corporation,C=US", "subjectDN": "MFIxCzAJBgNVBAYTAlVTMRgwFgYDVQQKDA9TU0wgQ29ycG9yYXRpb24xKTAnBgNVBAMMIFNTTC5jb20gRVYgVExTIElzc3VpbmcgRUNDIENBIFIx", "whitelist": false, "attachment": {"hash": "d25b900cb9b9db8f6eb5b5ad7c22c39a8da135237a2d7c79848c666a390a860e", "size": 1219, "filename": "cCqwzeMmcY9GAwoG1CFguEUHPI8MEGng1iWmfPgg6H4=.pem", "location": "security-state-staging/intermediates/75085dec-bd2e-4583-b383-37b0eef56991.pem", "mimetype": "application/x-pem-file"}, "pubKeyHash": "cCqwzeMmcY9GAwoG1CFguEUHPI8MEGng1iWmfPgg6H4=", "crlite_enrolled": false, "id": "77d5b007-648b-4edd-b59e-0c781228df5b", "last_modified": 1691463423537}