{"schema": 1710795242856, "derHash": "yJWZUIAJLkaFrm1OHvp8QZExroD9yuH8qD2i+PmVEjY=", "subject": "CN=K Software RSA Domain Validation Secure Server CA 3,O=K Software LLC,C=US", "subjectDN": "MGQxCzAJBgNVBAYTAlVTMRcwFQYDVQQKEw5LIFNvZnR3YXJlIExMQzE8MDoGA1UEAxMzSyBTb2Z0d2FyZSBSU0EgRG9tYWluIFZhbGlkYXRpb24gU2VjdXJlIFNlcnZlciBDQSAz", "whitelist": false, "attachment": {"hash": "0069cb355fa82da3d0bbdf596110250a0d5e89b460a37831381349ecb5dcbc79", "size": 2239, "filename": "d7RXpz4TO5w7He2jqcJhDOe93JbF318mPnR2dLjAU3Q=.pem", "location": "security-state-staging/intermediates/57b04cf4-27ff-42a9-8b4f-839f2b0f2eae.pem", "mimetype": "application/x-pem-file"}, "pubKeyHash": "d7RXpz4TO5w7He2jqcJhDOe93JbF318mPnR2dLjAU3Q=", "crlite_enrolled": false, "id": "7800aa03-e9e9-4949-a479-ca6be3172496", "last_modified": 1710795423420}