{"schema": 1710557647945, "derHash": "MpUgMLlH2AhYqHQleIUYvfbZSmMdVeIBF1hcieuykZc=", "subject": "CN=Tesla Public RSA TLS Issuing CA 2024,O=Tesla\\, Inc.,C=US", "subjectDN": "MFIxCzAJBgNVBAYTAlVTMRQwEgYDVQQKEwtUZXNsYSwgSW5jLjEtMCsGA1UEAxMkVGVzbGEgUHVibGljIFJTQSBUTFMgSXNzdWluZyBDQSAyMDI0", "whitelist": false, "attachment": {"hash": "a9031e9af0574759f114729defe476ad7f5029c11c6848bef2cc5a21cac69f5d", "size": 2324, "filename": "9P49cufpvzdZXLi1rCWs-JDJ-OYFAqYkiOGdsQ8Y9EM=.pem", "location": "security-state-staging/intermediates/d2e210e5-05e2-4c69-bfdf-ef3f59e3cd70.pem", "mimetype": "application/x-pem-file"}, "pubKeyHash": "9P49cufpvzdZXLi1rCWs+JDJ+OYFAqYkiOGdsQ8Y9EM=", "crlite_enrolled": false, "id": "7805c87e-4397-4d4d-abea-8e4b832c2944", "last_modified": 1710557823239}