{"schema": 1709322859425, "derHash": "Ub2MI/MSaUY4WcHVugmaJrqWXZSg9q9XP5Xhl28cZ+A=", "subject": "CN=cPanel ECC Domain Validation Secure Server CA 3,O=cPanel\\, LLC,C=US", "subjectDN": "MF0xCzAJBgNVBAYTAlVTMRQwEgYDVQQKEwtjUGFuZWwsIExMQzE4MDYGA1UEAxMvY1BhbmVsIEVDQyBEb21haW4gVmFsaWRhdGlvbiBTZWN1cmUgU2VydmVyIENBIDM=", "whitelist": false, "attachment": {"hash": "81d34a8d92722fab651fb8abaa7727686649d8a058bb61606f47ad5e942adc0b", "size": 1219, "filename": "x0Qkm6r8fuJiMuEHBtboy-jaDQ3y8uK8pyXK_03E2Ts=.pem", "location": "security-state-staging/intermediates/9d8007dd-056d-4251-9d4f-2714d98e77de.pem", "mimetype": "application/x-pem-file"}, "pubKeyHash": "x0Qkm6r8fuJiMuEHBtboy+jaDQ3y8uK8pyXK/03E2Ts=", "crlite_enrolled": false, "id": "7e069ef5-0b0c-46a0-bbdf-4d8e728423c0", "last_modified": 1709323057647}