{"schema": 1713452052825, "derHash": "/vjtqnvL7Wnh4rchlSeo/DK6drFwjnFJKzxJHjrzQuk=", "subject": "CN=GlobalSign Atlas R3 OV ACME CA 2024 Q3,O=GlobalSign nv-sa,C=BE", "subjectDN": "MFkxCzAJBgNVBAYTAkJFMRkwFwYDVQQKExBHbG9iYWxTaWduIG52LXNhMS8wLQYDVQQDEyZHbG9iYWxTaWduIEF0bGFzIFIzIE9WIEFDTUUgQ0EgMjAyNCBRMw==", "whitelist": false, "attachment": {"hash": "88113b359d589cf0833963be727452f9868d4e4b6e116efbca91fbaacac17b23", "size": 1642, "filename": "RSHkyRfXbvY7M8TmbPKTu_nWU8FQEkrL3e6rP50xzwg=.pem", "location": "security-state-staging/intermediates/14dbf0de-bde3-4e90-8719-5b4976d5eb98.pem", "mimetype": "application/x-pem-file"}, "pubKeyHash": "RSHkyRfXbvY7M8TmbPKTu/nWU8FQEkrL3e6rP50xzwg=", "crlite_enrolled": false, "id": "84134ea9-bcc0-44aa-887e-e8eeb981777e", "last_modified": 1713452223316}