{"schema": 1691462897375, "derHash": "wF9udSJqb/30oHptdHPTxR5mpX/oETiBVTkVfdV8Wlk=", "subject": "CN=SSL.com IV TLS Transit RSA CA 1,O=SSL Corporation,C=US", "subjectDN": "MFExCzAJBgNVBAYTAlVTMRgwFgYDVQQKDA9TU0wgQ29ycG9yYXRpb24xKDAmBgNVBAMMH1NTTC5jb20gSVYgVExTIFRyYW5zaXQgUlNBIENBIDE=", "whitelist": false, "attachment": {"hash": "5f6f754b661265836cd289b5daa47726092c13e60cc454778f29627acdf29779", "size": 2320, "filename": "R_O5JJ9biXMtEnmiODpukBteFwfJM0MXwQWiSsjJALQ=.pem", "location": "security-state-staging/intermediates/5767c8ec-709b-45c2-9547-e0c2270759ac.pem", "mimetype": "application/x-pem-file"}, "pubKeyHash": "R/O5JJ9biXMtEnmiODpukBteFwfJM0MXwQWiSsjJALQ=", "crlite_enrolled": false, "id": "85c8e614-a0d7-4c3b-ba08-8a3e26645f04", "last_modified": 1691463423577}