{"schema": 1713452049952, "derHash": "x1s6YzPHxGeN8/264NO7ntgl+fEwU+Elq+MUpunDREM=", "subject": "CN=GlobalSign Atlas R3 OV TLS CA 2024 Q3,O=GlobalSign nv-sa,C=BE", "subjectDN": "MFgxCzAJBgNVBAYTAkJFMRkwFwYDVQQKExBHbG9iYWxTaWduIG52LXNhMS4wLAYDVQQDEyVHbG9iYWxTaWduIEF0bGFzIFIzIE9WIFRMUyBDQSAyMDI0IFEz", "whitelist": false, "attachment": {"hash": "5906d770ca5d651dedb73738785630d7f6958dce6070d94d82f1c29a24db2617", "size": 1642, "filename": "kc9wzxo68rBmtiracxbsuvjOhB0PR3m0n_R8vGv0vH4=.pem", "location": "security-state-staging/intermediates/8f9b6617-c21b-49ac-8a1e-6e0fdbf381bb.pem", "mimetype": "application/x-pem-file"}, "pubKeyHash": "kc9wzxo68rBmtiracxbsuvjOhB0PR3m0n/R8vGv0vH4=", "crlite_enrolled": false, "id": "89dc8da6-6f9c-4192-b8d1-686bd6dcd124", "last_modified": 1713452223305}