{"schema": 1697644093634, "derHash": "PBsL7/BS7JCZenI1Ln09qvkHRrmjxNiYelu7nQNw5LA=", "subject": "CN=GlobalSign Atlas ECCR5 DV ACME CA 2024 Q1,O=GlobalSign nv-sa,C=BE", "subjectDN": "MFwxCzAJBgNVBAYTAkJFMRkwFwYDVQQKExBHbG9iYWxTaWduIG52LXNhMTIwMAYDVQQDEylHbG9iYWxTaWduIEF0bGFzIEVDQ1I1IERWIEFDTUUgQ0EgMjAyNCBRMQ==", "whitelist": false, "attachment": {"hash": "c20e04f488396eb859e037c0b114c79cd733a2e868646584f32e0fa969eaca83", "size": 1195, "filename": "QyJnbwPolPO_92VzXtERZFIefCZbLKVQJ2ALitRnAYE=.pem", "location": "security-state-staging/intermediates/0a0c5ce0-1e49-4125-a6b7-7ec7ced81db9.pem", "mimetype": "application/x-pem-file"}, "pubKeyHash": "QyJnbwPolPO/92VzXtERZFIefCZbLKVQJ2ALitRnAYE=", "crlite_enrolled": false, "id": "8eb1e020-109d-4612-a4f5-f45481fafe03", "last_modified": 1697644623300}