{"schema": 1700646485300, "derHash": "WY0hJQ3EAC/X8fwO9TBjPUsWh9hZfAp6hv2w6NcKQEs=", "subject": "CN=CommScope Public Trust ECC Sub-CA-02-01,O=CommScope,C=US", "subjectDN": "MFMxCzAJBgNVBAYTAlVTMRIwEAYDVQQKDAlDb21tU2NvcGUxMDAuBgNVBAMMJ0NvbW1TY29wZSBQdWJsaWMgVHJ1c3QgRUNDIFN1Yi1DQS0wMi0wMQ==", "whitelist": false, "attachment": {"hash": "0861064b3940fe7c22d8860cbd8234786257b9ac114ebd823875c18db9e03559", "size": 1414, "filename": "FreBKmEXdNpyFMcG1o3nDNjwoZ5Vc924tuSbvWdZE64=.pem", "location": "security-state-staging/intermediates/47074e7c-85a6-4995-b101-879fd3de19d0.pem", "mimetype": "application/x-pem-file"}, "pubKeyHash": "FreBKmEXdNpyFMcG1o3nDNjwoZ5Vc924tuSbvWdZE64=", "crlite_enrolled": false, "id": "8f4225a5-796d-4d7a-8510-628d12fb66f6", "last_modified": 1700647023212}