{"schema": 1705503183660, "derHash": "1YFqf9X6GNPgxEx4Jz+oVr4KOpk0KIJnY+OogIYxGYY=", "subject": "CN=GlobalSign Atlas R46 EV TLS CA 2024 Q2,O=GlobalSign nv-sa,C=BE", "subjectDN": "MFkxCzAJBgNVBAYTAkJFMRkwFwYDVQQKExBHbG9iYWxTaWduIG52LXNhMS8wLQYDVQQDEyZHbG9iYWxTaWduIEF0bGFzIFI0NiBFViBUTFMgQ0EgMjAyNCBRMg==", "whitelist": false, "attachment": {"hash": "25cf51c651ba51648dc30752317d3087872de9fe09f47fe666561ecc041e6578", "size": 2345, "filename": "r6Epwm7CLuojciskFB3GG7NjyZ764bd_d0-TRHGz-0Q=.pem", "location": "security-state-staging/intermediates/cc45e7df-a37a-4b92-8ba4-59e1a3d6d3ff.pem", "mimetype": "application/x-pem-file"}, "pubKeyHash": "r6Epwm7CLuojciskFB3GG7NjyZ764bd/d0+TRHGz+0Q=", "crlite_enrolled": false, "id": "91436012-4de3-47ae-ab28-3d365774ad8f", "last_modified": 1705503423131}