{"schema": 1691462897073, "derHash": "V9YfCUSUgSTpt2hcfiybQ0TnXalYgyjs35NqyOgLQ44=", "subject": "CN=SSL.com IV TLS Transit ECC CA 1,O=SSL Corporation,C=US", "subjectDN": "MFExCzAJBgNVBAYTAlVTMRgwFgYDVQQKDA9TU0wgQ29ycG9yYXRpb24xKDAmBgNVBAMMH1NTTC5jb20gSVYgVExTIFRyYW5zaXQgRUNDIENBIDE=", "whitelist": false, "attachment": {"hash": "5bc1847a6c243c776a1d1dc4c8af9e7997a6c7169aab2a9bf414fdc6021bad82", "size": 1171, "filename": "Uujf2MPA35Lg50AhrhFGPERK_ZHDRJxc3Xmyj43PdEs=.pem", "location": "security-state-staging/intermediates/0422e6ee-65a9-462e-85af-91e74551f5e4.pem", "mimetype": "application/x-pem-file"}, "pubKeyHash": "Uujf2MPA35Lg50AhrhFGPERK/ZHDRJxc3Xmyj43PdEs=", "crlite_enrolled": false, "id": "9b582fdd-0007-40a3-a90e-68d29ccdd9a1", "last_modified": 1691463423574}