{"schema": 1693104479614, "derHash": "8BBP8XJ0YI8aGKHh6r+OaKUfUAqH4u+iLstiJ2P+9M8=", "subject": "CN=Gandi RSA Domain Validation Secure Server CA 3,O=Gandi,C=FR", "subjectDN": "MFYxCzAJBgNVBAYTAkZSMQ4wDAYDVQQKEwVHYW5kaTE3MDUGA1UEAxMuR2FuZGkgUlNBIERvbWFpbiBWYWxpZGF0aW9uIFNlY3VyZSBTZXJ2ZXIgQ0EgMw==", "whitelist": false, "attachment": {"hash": "c57cc4329fa8b504ce063f97a8a15ffe28c6c989bbff9d66c2b1723fce07bf43", "size": 2263, "filename": "CFtSlX6OU4eENrKNiHtx6zY8UV7_SoMM63hXbHdXgjs=.pem", "location": "security-state-staging/intermediates/0f4a0c2f-72a0-436a-ab5c-c6019c2d0993.pem", "mimetype": "application/x-pem-file"}, "pubKeyHash": "CFtSlX6OU4eENrKNiHtx6zY8UV7/SoMM63hXbHdXgjs=", "crlite_enrolled": false, "id": "9c147e1e-3e85-4edb-b057-0affdeff0587", "last_modified": 1693105023362}