{"schema": 1713452051036, "derHash": "U4gwB90ss85ywPBPs1ZBr6CqExseAUVeXGtZAfFUkyg=", "subject": "CN=GlobalSign Atlas ECCR5 OV TLS CA 2024 Q3,O=GlobalSign nv-sa,C=BE", "subjectDN": "MFsxCzAJBgNVBAYTAkJFMRkwFwYDVQQKExBHbG9iYWxTaWduIG52LXNhMTEwLwYDVQQDEyhHbG9iYWxTaWduIEF0bGFzIEVDQ1I1IE9WIFRMUyBDQSAyMDI0IFEz", "whitelist": false, "attachment": {"hash": "893cbd37b012ee4fbe6598a4d806b97cfdde065c3d3785a7be4d1014609d8d4d", "size": 1199, "filename": "t2BaTrST1wiXR9cBYwSsA9izi_1ZIxfSZk4rXwtEp2E=.pem", "location": "security-state-staging/intermediates/0e4ea6d6-00f4-4e34-ad3a-0daabba45cc8.pem", "mimetype": "application/x-pem-file"}, "pubKeyHash": "t2BaTrST1wiXR9cBYwSsA9izi/1ZIxfSZk4rXwtEp2E=", "crlite_enrolled": false, "id": "9dcd2610-1edc-4705-8989-276a0ef6bb2c", "last_modified": 1713452223308}