{"schema": 1710557651259, "derHash": "VHFUICJMW2W+7QGNw5QNczjFd+Mi1UiPYz2Mao/tYbI=", "subject": "CN=E7,O=Let's Encrypt,C=US", "subjectDN": "MDIxCzAJBgNVBAYTAlVTMRYwFAYDVQQKEw1MZXQncyBFbmNyeXB0MQswCQYDVQQDEwJFNw==", "whitelist": false, "attachment": {"hash": "454fbabf72a59356f1d08e89a1c7f7b2c839b88d77a5215be7f2f126d408586e", "size": 1000, "filename": "y7xVm0TVJNahMr2sZydE2jQH8SquXV9yLF9seROHHHU=.pem", "location": "security-state-staging/intermediates/a90ebad7-4e4e-48af-ad7e-0f916a648c2f.pem", "mimetype": "application/x-pem-file"}, "pubKeyHash": "y7xVm0TVJNahMr2sZydE2jQH8SquXV9yLF9seROHHHU=", "crlite_enrolled": false, "id": "9f201f58-e8b8-4590-8c7d-b355adddf50d", "last_modified": 1710557823250}