{"schema": 1699976885370, "derHash": "KWT9MhDqaPqitKhJs2JD0z90Qp0bQ84BnnsVTqx3Wbo=", "subject": "CN=Cloudflare TLS Issuing ECC CA 1,O=CLOUDFLARE\\, INC.,C=US", "subjectDN": "MFIxCzAJBgNVBAYTAlVTMRkwFwYDVQQKDBBDTE9VREZMQVJFLCBJTkMuMSgwJgYDVQQDDB9DbG91ZGZsYXJlIFRMUyBJc3N1aW5nIEVDQyBDQSAx", "whitelist": false, "attachment": {"hash": "979c3cd0f714e6bcb3fb19bb59b91ee35e900864ab480f5f7729b9e8d57d1d23", "size": 1061, "filename": "Kt2bkYM55rPaGBFYxTLlq8AIJqapRcc1eKjai8GUPO0=.pem", "location": "security-state-staging/intermediates/76961b66-d172-454b-b159-81bc0e44fbbf.pem", "mimetype": "application/x-pem-file"}, "pubKeyHash": "Kt2bkYM55rPaGBFYxTLlq8AIJqapRcc1eKjai8GUPO0=", "crlite_enrolled": false, "id": "a74b6bfb-1ab6-4487-9af4-8e3632e1ab27", "last_modified": 1699977423171}