{"schema": 1711079327797, "derHash": "GnD+GCdR5jfA5dPVU+db26HWVf/lQR2bOQtzyDePpyw=", "subject": "CN=Leocert TLS Issuing RSA CA 1,O=Leocert LLC,C=US", "subjectDN": "MEoxCzAJBgNVBAYTAlVTMRQwEgYDVQQKDAtMZW9jZXJ0IExMQzElMCMGA1UEAwwcTGVvY2VydCBUTFMgSXNzdWluZyBSU0EgQ0EgMQ==", "whitelist": false, "attachment": {"hash": "909b2e8999e89c9ba6a76900402d0f011877b2cac32792910aa1f10c33ab823b", "size": 2064, "filename": "TLG3k1viplwCa4FIN66yKHXwUwpjuk-zYaXHlJKI1mY=.pem", "location": "security-state-staging/intermediates/eafb2b1c-e818-4c8e-914b-86ac8c5d7235.pem", "mimetype": "application/x-pem-file"}, "pubKeyHash": "TLG3k1viplwCa4FIN66yKHXwUwpjuk+zYaXHlJKI1mY=", "crlite_enrolled": false, "id": "b1c85617-4d30-44d3-ab20-4d5ea7d6ac51", "last_modified": 1711079823132}