{"schema": 1709322861976, "derHash": "1mqdGWzSwn101xnKKCXEWEa1Q1AjdpgTeFZ3l7hXHTo=", "subject": "CN=TrustSign BR RSA OV SSL CA 3,O=TrustSign Certificadora Dig. & Solucoes Seguranca da Inf. Ltda.,C=BR", "subjectDN": "MH4xCzAJBgNVBAYTAkJSMUgwRgYDVQQKDD9UcnVzdFNpZ24gQ2VydGlmaWNhZG9yYSBEaWcuICYgU29sdWNvZXMgU2VndXJhbmNhIGRhIEluZi4gTHRkYS4xJTAjBgNVBAMTHFRydXN0U2lnbiBCUiBSU0EgT1YgU1NMIENBIDM=", "whitelist": false, "attachment": {"hash": "4ffe538c0d7f0a5da3bb5331a42d56f1c9d607ee091deb7f1da0e1ceebee4ac0", "size": 2316, "filename": "5M4nqfeUxAKYvMXWPZxoI7Ohyf9GkQYIHHOMYGpbCmQ=.pem", "location": "security-state-staging/intermediates/9e1bb80c-e7d7-4de1-9daf-27241124cf46.pem", "mimetype": "application/x-pem-file"}, "pubKeyHash": "5M4nqfeUxAKYvMXWPZxoI7Ohyf9GkQYIHHOMYGpbCmQ=", "crlite_enrolled": false, "id": "bc576a0c-04f0-41df-aa49-9759354a9cd0", "last_modified": 1709323057634}