{"schema": 1693342093097, "derHash": "/Y4MjMzbuuTB8HwkjRH+u7D7PaDNDYlKioDYBKjTmn0=", "subject": "CN=e-Szigno Class2 SSL CA 2017,O=Microsec Ltd.,L=Budapest,C=HU", "subjectDN": "MHcxCzAJBgNVBAYTAkhVMREwDwYDVQQHDAhCdWRhcGVzdDEWMBQGA1UECgwNTWljcm9zZWMgTHRkLjEXMBUGA1UEYQwOVkFUSFUtMjM1ODQ0OTcxJDAiBgNVBAMMG2UtU3ppZ25vIENsYXNzMiBTU0wgQ0EgMjAxNw==", "whitelist": false, "attachment": {"hash": "eb233f6d83b210e52823cdff3145fe53c2632e2cf95904c5ac6d29368eb61943", "size": 1435, "filename": "HGXB7TIfcoLqLINF3LJD2A9t3V4VdHjcBv6LboViQMo=.pem", "location": "security-state-staging/intermediates/36fd2d27-8c24-4aee-9ba5-feccce9483d5.pem", "mimetype": "application/x-pem-file"}, "pubKeyHash": "HGXB7TIfcoLqLINF3LJD2A9t3V4VdHjcBv6LboViQMo=", "crlite_enrolled": false, "id": "c2701cd6-d220-4744-a18b-3a3b323259ee", "last_modified": 1693342624035}