{"schema": 1691462891221, "derHash": "DamZ32b9Icr/XhN2q603tP0siqabJaP2B5Tm86pH2Ys=", "subject": "CN=SSL.com OV TLS Transit ECC CA 1,O=SSL Corporation,C=US", "subjectDN": "MFExCzAJBgNVBAYTAlVTMRgwFgYDVQQKDA9TU0wgQ29ycG9yYXRpb24xKDAmBgNVBAMMH1NTTC5jb20gT1YgVExTIFRyYW5zaXQgRUNDIENBIDE=", "whitelist": false, "attachment": {"hash": "eaac4c30113f2417175090ad903230166d1bb00d86d1b6432c93557f075db52e", "size": 1171, "filename": "RFBEONmGnotBOM1HNtNx0nqeqPqncPrhxWZuEl0SvBg=.pem", "location": "security-state-staging/intermediates/ee99c5c3-b365-4917-a21c-c860dc6e7f9e.pem", "mimetype": "application/x-pem-file"}, "pubKeyHash": "RFBEONmGnotBOM1HNtNx0nqeqPqncPrhxWZuEl0SvBg=", "crlite_enrolled": false, "id": "c297c00b-1d0a-4e5e-a426-6443f0f157ff", "last_modified": 1691463423546}