{"schema": 1710557649005, "derHash": "Blq30qBQ+UdYcSF2XY0HDA4TMNV5j6pCwgcnSe0pN2I=", "subject": "CN=E6,O=Let's Encrypt,C=US", "subjectDN": "MDIxCzAJBgNVBAYTAlVTMRYwFAYDVQQKEw1MZXQncyBFbmNyeXB0MQswCQYDVQQDEwJFNg==", "whitelist": false, "attachment": {"hash": "be5ca6ac557668f57ea85588340ee76ac3a237a359f221406e815dc5665bd3b7", "size": 1000, "filename": "0Bbh_jEZSKymTy3kTOhsmlHKBB32EDu1KojrP3YfV9c=.pem", "location": "security-state-staging/intermediates/3c307724-fa1f-46be-b729-f131ae30d8cd.pem", "mimetype": "application/x-pem-file"}, "pubKeyHash": "0Bbh/jEZSKymTy3kTOhsmlHKBB32EDu1KojrP3YfV9c=", "crlite_enrolled": false, "id": "c34d8f1d-8cbe-47a7-ba7e-7e317b07f27a", "last_modified": 1710557823247}