{"schema": 1697644094564, "derHash": "p5gx0GsFUwpVM1JurR724Nf/orxS1Z7vtBuVCuzDHNs=", "subject": "CN=GlobalSign Atlas ECCR5 DV TLS CA 2024 Q1,O=GlobalSign nv-sa,C=BE", "subjectDN": "MFsxCzAJBgNVBAYTAkJFMRkwFwYDVQQKExBHbG9iYWxTaWduIG52LXNhMTEwLwYDVQQDEyhHbG9iYWxTaWduIEF0bGFzIEVDQ1I1IERWIFRMUyBDQSAyMDI0IFEx", "whitelist": false, "attachment": {"hash": "460152545bd2e306b482518bc898655f19af4e3c178eb5c0fb2a317a66c67be1", "size": 1199, "filename": "p8tYK3vj7LgX8YymjK9Xif-bnOIxqQyHpENjJu609JA=.pem", "location": "security-state-staging/intermediates/097fd20f-11de-418f-878b-734cb4185807.pem", "mimetype": "application/x-pem-file"}, "pubKeyHash": "p8tYK3vj7LgX8YymjK9Xif+bnOIxqQyHpENjJu609JA=", "crlite_enrolled": false, "id": "c50faf01-93a5-4378-96ad-cd4897cbfe93", "last_modified": 1697644623308}