{"schema": 1718419986168, "derHash": "KeUCmVMQQDaF3WJY+dBIVoeJYwQtR0nG1dl3OjEMMcA=", "subject": "CN=Starfield Secure Certificate Authority - G5,O=Starfield Technologies\\, Inc.,C=US", "subjectDN": "MGoxCzAJBgNVBAYTAlVTMSUwIwYDVQQKExxTdGFyZmllbGQgVGVjaG5vbG9naWVzLCBJbmMuMTQwMgYDVQQDEytTdGFyZmllbGQgU2VjdXJlIENlcnRpZmljYXRlIEF1dGhvcml0eSAtIEc1", "whitelist": false, "attachment": {"hash": "1ab16093c00cfeb6b1281bd3570ee31b90544dbe82866716c4e0dc4dd23c0850", "size": 2040, "filename": "ZopoHb_DFyTNtOnoOeDm_G07T5xn8PEj_4_f_lJ927A=.pem", "location": "security-state-staging/intermediates/3bb146a9-b858-4d9e-84a3-4898d6729add.pem", "mimetype": "application/x-pem-file"}, "pubKeyHash": "ZopoHb/DFyTNtOnoOeDm/G07T5xn8PEj/4/f/lJ927A=", "crlite_enrolled": false, "id": "c56b52a8-0671-4599-8084-0cb8e9fc79e8", "last_modified": 1718420223250}