{"schema": 1713452050320, "derHash": "X4uqm41dsXB9VvB+G0TXfYTvDKaSO2tEt89HrZxH7s8=", "subject": "CN=GlobalSign Atlas R6 EV TLS CA 2024 Q3,O=GlobalSign nv-sa,C=BE", "subjectDN": "MFgxCzAJBgNVBAYTAkJFMRkwFwYDVQQKExBHbG9iYWxTaWduIG52LXNhMS4wLAYDVQQDEyVHbG9iYWxTaWduIEF0bGFzIFI2IEVWIFRMUyBDQSAyMDI0IFEz", "whitelist": false, "attachment": {"hash": "b1101abf9ceb855b2b5656fb54a1940810e2cfe5a126e44327c171739fa4e36c", "size": 2353, "filename": "X2HAp4fB30kjd5iuOMNGV710IsuKUu3ty0_SzZds8Tw=.pem", "location": "security-state-staging/intermediates/a882e856-3607-408b-a63e-ca2efb559786.pem", "mimetype": "application/x-pem-file"}, "pubKeyHash": "X2HAp4fB30kjd5iuOMNGV710IsuKUu3ty0/SzZds8Tw=", "crlite_enrolled": false, "id": "c5fa8b22-4bef-4325-bd54-6cd3e10a57b4", "last_modified": 1713452223297}