{"schema": 1699393717540, "derHash": "fgqMmETQ+Z7IQwdIPy4zGYB0n4inGFZJ1Nmfo8NYnlI=", "subject": "CN=Nya Labs CA,O=NYA LABS LLC,C=US", "subjectDN": "MDoxCzAJBgNVBAYTAlVTMRUwEwYDVQQKDAxOWUEgTEFCUyBMTEMxFDASBgNVBAMMC055YSBMYWJzIENB", "whitelist": false, "attachment": {"hash": "8dd9e0eaea313ca057fd25d7162b3677e82a2bd0366f1d4782cd40d4927b2ea5", "size": 1695, "filename": "XIN17Ax-J-06c6SQNYGeDokCHRH1HFMjAG-HQ0JRIXQ=.pem", "location": "security-state-staging/intermediates/cc150b3e-701e-4b42-8c17-7e45893068dc.pem", "mimetype": "application/x-pem-file"}, "pubKeyHash": "XIN17Ax+J+06c6SQNYGeDokCHRH1HFMjAG+HQ0JRIXQ=", "crlite_enrolled": false, "id": "c7b75907-142e-4576-bb48-80df34dc792f", "last_modified": 1699394223213}