{"schema": 1699976884812, "derHash": "rCWGO6Q7lq6oZLoqolYCKvnTjck+l0N/PeYDzEhzBss=", "subject": "CN=SSL.com TLS ECC Root CA 2022,O=SSL Corporation,C=US", "subjectDN": "ME4xCzAJBgNVBAYTAlVTMRgwFgYDVQQKDA9TU0wgQ29ycG9yYXRpb24xJTAjBgNVBAMMHFNTTC5jb20gVExTIEVDQyBSb290IENBIDIwMjI=", "whitelist": false, "attachment": {"hash": "8d3a201dad112e4871960af5b7adb823efb7671b60479d17a18ec34364c6eac3", "size": 1223, "filename": "G_ANXI8TwJTdF-AFBM8IiIUPEv0Gf6H5LA_b9guG4yE=.pem", "location": "security-state-staging/intermediates/484d2121-85a4-4993-a8c2-21df8d848fd0.pem", "mimetype": "application/x-pem-file"}, "pubKeyHash": "G/ANXI8TwJTdF+AFBM8IiIUPEv0Gf6H5LA/b9guG4yE=", "crlite_enrolled": false, "id": "cb19b337-a3fb-43c0-9b35-2ebc139f80fe", "last_modified": 1699977423180}