{"schema": 1697644094263, "derHash": "14vgTNvjKNVJNIkGe43xxX5l6nTYiI8IxxHoFaahGhQ=", "subject": "CN=GlobalSign Atlas E46 EV TLS CA 2024 Q1,O=GlobalSign nv-sa,C=BE", "subjectDN": "MFkxCzAJBgNVBAYTAkJFMRkwFwYDVQQKExBHbG9iYWxTaWduIG52LXNhMS8wLQYDVQQDEyZHbG9iYWxTaWduIEF0bGFzIEU0NiBFViBUTFMgQ0EgMjAyNCBRMQ==", "whitelist": false, "attachment": {"hash": "0cafea7d70ecb626a3e4d61fae3df7515f2a9ed40de427e52e164d1b53bf1b0c", "size": 1195, "filename": "GuDgudI5am6HMMYjvHjAx2xafjBsIqLmlXlx9NzdV4U=.pem", "location": "security-state-staging/intermediates/db6b408b-48d0-4d8d-acea-c60630c2bae8.pem", "mimetype": "application/x-pem-file"}, "pubKeyHash": "GuDgudI5am6HMMYjvHjAx2xafjBsIqLmlXlx9NzdV4U=", "crlite_enrolled": false, "id": "cf230303-b818-4615-9892-e1e2075e4684", "last_modified": 1697644623305}