{"schema": 1700646485912, "derHash": "AhUxG8GC1ZcYgitF3fECE84mYak8PC0gPexlZ95Erjw=", "subject": "CN=CommScope Public Trust RSA Sub-CA-01-02,O=CommScope,C=US", "subjectDN": "MFMxCzAJBgNVBAYTAlVTMRIwEAYDVQQKDAlDb21tU2NvcGUxMDAuBgNVBAMMJ0NvbW1TY29wZSBQdWJsaWMgVHJ1c3QgUlNBIFN1Yi1DQS0wMS0wMg==", "whitelist": false, "attachment": {"hash": "76fa134521bf3180c607f441ea511de8222ac07021bcb04f2b51434a869b6020", "size": 2560, "filename": "uUmm1vqY4WOAXX3tIc9qA2Ai5Yr0EmaZlBwLTelbnzw=.pem", "location": "security-state-staging/intermediates/75bd4b66-445f-4c60-b998-2891565d084d.pem", "mimetype": "application/x-pem-file"}, "pubKeyHash": "uUmm1vqY4WOAXX3tIc9qA2Ai5Yr0EmaZlBwLTelbnzw=", "crlite_enrolled": false, "id": "d2ed46e8-b5af-4401-a731-badd42ed9265", "last_modified": 1700647023215}