{"schema": 1702486085377, "derHash": "CoUHXdazguqzFEmCPbi+1rYaRBcUFl4z+spCzZyN7Co=", "subject": "CN=vTrus DV SSL CA,O=iTrusChina Co.\\,Ltd.,C=CN", "subjectDN": "MEUxCzAJBgNVBAYTAkNOMRwwGgYDVQQKExNpVHJ1c0NoaW5hIENvLixMdGQuMRgwFgYDVQQDEw92VHJ1cyBEViBTU0wgQ0E=", "whitelist": false, "attachment": {"hash": "006851a10c762422e7e12ab4089a413ae73d2e8903dcf2b5f33339eb89028d4d", "size": 2064, "filename": "75pE_IZKhqgviWzR4qTd2zPqnbH6f4VSS4OvPeBjEjQ=.pem", "location": "security-state-staging/intermediates/e1f0958b-86df-449d-b5f1-2757e988420c.pem", "mimetype": "application/x-pem-file"}, "pubKeyHash": "75pE/IZKhqgviWzR4qTd2zPqnbH6f4VSS4OvPeBjEjQ=", "crlite_enrolled": false, "id": "d6f08689-0364-4035-9f67-188ef9a50390", "last_modified": 1702486623398}