{"schema": 1693342092773, "derHash": "snT+vm68cYZsM58Bitkz581oBbQ7/ebSGNwhFHFp12s=", "subject": "CN=e-Szigno Online SSL CA 2017,O=Microsec Ltd.,L=Budapest,C=HU", "subjectDN": "MHcxCzAJBgNVBAYTAkhVMREwDwYDVQQHDAhCdWRhcGVzdDEWMBQGA1UECgwNTWljcm9zZWMgTHRkLjEXMBUGA1UEYQwOVkFUSFUtMjM1ODQ0OTcxJDAiBgNVBAMMG2UtU3ppZ25vIE9ubGluZSBTU0wgQ0EgMjAxNw==", "whitelist": false, "attachment": {"hash": "72bc4f35ba6c3e85f36f856880dc364ba08e1ce42b81244f1ebf53e8514a8d5f", "size": 1435, "filename": "G_JwHP_ydSe7pufWcUyNckBrxBbnQ6Kmqw_OFPPiQI0=.pem", "location": "security-state-staging/intermediates/9cda4ca9-3689-48fd-af2c-640bd25284ff.pem", "mimetype": "application/x-pem-file"}, "pubKeyHash": "G/JwHP/ydSe7pufWcUyNckBrxBbnQ6Kmqw/OFPPiQI0=", "crlite_enrolled": false, "id": "df7a20cf-df80-4bde-8483-7d48af559d55", "last_modified": 1693342624041}