{"schema": 1713801022424, "derHash": "XUSUtl0cFO+ZWcU56r4hlZ8aSmiA8T/dsZC4suGFzNw=", "subject": "CN=certSIGN Web CA,O=CERTSIGN SA,C=RO", "subjectDN": "MFYxCzAJBgNVBAYTAlJPMRQwEgYDVQQKEwtDRVJUU0lHTiBTQTEYMBYGA1UEAxMPY2VydFNJR04gV2ViIENBMRcwFQYDVQRhEw5WQVRSTy0xODI4ODI1MA==", "whitelist": false, "attachment": {"hash": "e167023854b7a05b9ca70d8db4bc84d6eb3e4d6b1db5f7b7db951e80125300fb", "size": 1975, "filename": "G6NjfcFmFAa5DouUTqNGb3I5tG34kmES3evs_0ubJ68=.pem", "location": "security-state-staging/intermediates/7a2907d8-f702-4338-96fa-ae42d3d1ee3b.pem", "mimetype": "application/x-pem-file"}, "pubKeyHash": "G6NjfcFmFAa5DouUTqNGb3I5tG34kmES3evs/0ubJ68=", "crlite_enrolled": false, "id": "e240965f-851e-4200-ba0b-17b7fa547f5d", "last_modified": 1713801423278}