{"schema": 1691462890504, "derHash": "YEvdJgoo7dJW6dqnDAXNGKw87IJ/hCWQ1F6kK93GHkI=", "subject": "CN=SSL.com OV TLS Issuing RSA CA 1,O=SSL Corporation,C=US", "subjectDN": "MFExCzAJBgNVBAYTAlVTMRgwFgYDVQQKDA9TU0wgQ29ycG9yYXRpb24xKDAmBgNVBAMMH1NTTC5jb20gT1YgVExTIElzc3VpbmcgUlNBIENBIDE=", "whitelist": false, "attachment": {"hash": "86a2f9fd1a0e429dc8a2b2e2d745105dd4967d7644bfc0102521819da10625aa", "size": 2146, "filename": "hAjHe-3BykIlgjLNTOWLMDSaNA7iWDMBf9vMHQFxBfM=.pem", "location": "security-state-staging/intermediates/add845c8-e88f-4d45-a826-fc828c90bfc8.pem", "mimetype": "application/x-pem-file"}, "pubKeyHash": "hAjHe+3BykIlgjLNTOWLMDSaNA7iWDMBf9vMHQFxBfM=", "crlite_enrolled": false, "id": "e3737def-bfe1-468e-a56a-2e0927e3802e", "last_modified": 1691463423540}