{"schema": 1700646485601, "derHash": "7ua69QsUvKBCArSWc35nb3E+dDH/1PyhMJ9mFIHsUg8=", "subject": "CN=TrustAsia OV TLS ECC CA G4,O=TrustAsia Technologies\\, Inc.,C=CN", "subjectDN": "MFkxCzAJBgNVBAYTAkNOMSUwIwYDVQQKDBxUcnVzdEFzaWEgVGVjaG5vbG9naWVzLCBJbmMuMSMwIQYDVQQDDBpUcnVzdEFzaWEgT1YgVExTIEVDQyBDQSBHNA==", "whitelist": false, "attachment": {"hash": "617ea9dd114bf829cd96b86bfde27f76e81a55711482fc7741ffb62c1037b958", "size": 1317, "filename": "H9C3IdVYXZbeqTf00x7ZWdOLTFS4QQJGl7WOOTEDfxI=.pem", "location": "security-state-staging/intermediates/0a330041-2a71-4516-85f4-7586c3d2a439.pem", "mimetype": "application/x-pem-file"}, "pubKeyHash": "H9C3IdVYXZbeqTf00x7ZWdOLTFS4QQJGl7WOOTEDfxI=", "crlite_enrolled": false, "id": "e6a2fdb2-02c5-4708-be6f-fa2591ac19d7", "last_modified": 1700647023217}