{"schema": 1697644094861, "derHash": "earfuT8sRno37cg7XdVaIA6pwy09+2+uIBeix+Mwbc8=", "subject": "CN=GlobalSign Atlas R3 OV TLS CA 2024 Q1,O=GlobalSign nv-sa,C=BE", "subjectDN": "MFgxCzAJBgNVBAYTAkJFMRkwFwYDVQQKExBHbG9iYWxTaWduIG52LXNhMS4wLAYDVQQDEyVHbG9iYWxTaWduIEF0bGFzIFIzIE9WIFRMUyBDQSAyMDI0IFEx", "whitelist": false, "attachment": {"hash": "0bc03324251953dc583b645dbecf441d8dfe10ab096925413b0c7f2c6d4a4305", "size": 1642, "filename": "wnwBVP_Dww2rgtYejr_KpE0AzeqKydioYikth99TF1U=.pem", "location": "security-state-staging/intermediates/95f898b1-530b-423c-904b-f5887c5a5331.pem", "mimetype": "application/x-pem-file"}, "pubKeyHash": "wnwBVP/Dww2rgtYejr/KpE0AzeqKydioYikth99TF1U=", "crlite_enrolled": false, "id": "ee0331b9-7c8f-448c-8286-308d3886c6cb", "last_modified": 1697644623311}