{"schema": 1713563344315, "derHash": "acJYYSNlAvDCI0Q/2FGi+2rLdFu4FK1yuy5QhnxSw7s=", "subject": "CN=ZoTrus RSA DV SSL CA,O=ZoTrus Technology Limited,C=CN", "subjectDN": "MFAxCzAJBgNVBAYTAkNOMSIwIAYDVQQKExlab1RydXMgVGVjaG5vbG9neSBMaW1pdGVkMR0wGwYDVQQDExRab1RydXMgUlNBIERWIFNTTCBDQQ==", "whitelist": false, "attachment": {"hash": "b393a21ea913aac405b4ee3342a01e46e0948a4274fd9b12853f1fe807d86d69", "size": 2186, "filename": "Cww1k9MzHuL6DZFf8KvIl44NqeUd1st4eTJGzTX1kYY=.pem", "location": "security-state-staging/intermediates/a6bf409d-0112-4d87-a25a-3777feef0e46.pem", "mimetype": "application/x-pem-file"}, "pubKeyHash": "Cww1k9MzHuL6DZFf8KvIl44NqeUd1st4eTJGzTX1kYY=", "crlite_enrolled": false, "id": "f1b159b3-d5ee-4930-a183-0d11cd444460", "last_modified": 1713563823128}