{"schema": 1691462895471, "derHash": "ehokKF4l6U3yfOizRLG7azLwJU/w17WrboVq6Qz95Vw=", "subject": "CN=Sectigo Public Server Authentication CA EV R36,O=Sectigo Limited,C=GB", "subjectDN": "MGAxCzAJBgNVBAYTAkdCMRgwFgYDVQQKEw9TZWN0aWdvIExpbWl0ZWQxNzA1BgNVBAMTLlNlY3RpZ28gUHVibGljIFNlcnZlciBBdXRoZW50aWNhdGlvbiBDQSBFViBSMzY=", "whitelist": false, "attachment": {"hash": "cc4c5ca289ec16e68de34508a8bd2efc2b8088cc71f6faed778548e98984836e", "size": 2243, "filename": "0RfXDfccNqREsDzRXraedr-pPfaWA8fMplHCU30xYlo=.pem", "location": "security-state-staging/intermediates/9558bcad-a4bf-4531-8bed-05440ff5d4c0.pem", "mimetype": "application/x-pem-file"}, "pubKeyHash": "0RfXDfccNqREsDzRXraedr+pPfaWA8fMplHCU30xYlo=", "crlite_enrolled": false, "id": "f7cd88bf-ce57-412c-983e-91b2a50bd68b", "last_modified": 1691463423560}