{"schema": 1702979285359, "derHash": "nV6GkGoWgKhr4njPduPStit3UYYQFGHTA87pENlM4To=", "subject": "CN=WE4,O=Google Trust Services,C=US", "subjectDN": "MDsxCzAJBgNVBAYTAlVTMR4wHAYDVQQKExVHb29nbGUgVHJ1c3QgU2VydmljZXMxDDAKBgNVBAMTA1dFNA==", "whitelist": false, "attachment": {"hash": "c3f131b2230a3e9820ca964c47489ddaf7fd334dcda9afda8ea07512cc8a9bcd", "size": 943, "filename": "O5TQDB_wa4SkRjBrQL2Aq9CG317H9MDDgpTVcrpJDa4=.pem", "location": "security-state-staging/intermediates/df749bb2-7318-4d17-9bd5-f5f71cc23b79.pem", "mimetype": "application/x-pem-file"}, "pubKeyHash": "O5TQDB/wa4SkRjBrQL2Aq9CG317H9MDDgpTVcrpJDa4=", "crlite_enrolled": false, "id": "f8362afb-a2e5-4df9-8ef7-700eae6b88ec", "last_modified": 1702979823403}