{"schema": 1691462892892, "derHash": "/ZF7DQlPqk2xu6+e16xVvlFi2XHCJ7NOcIXKU3pKS0c=", "subject": "CN=Sectigo Public Server Authentication CA EV E36,O=Sectigo Limited,C=GB", "subjectDN": "MGAxCzAJBgNVBAYTAkdCMRgwFgYDVQQKEw9TZWN0aWdvIExpbWl0ZWQxNzA1BgNVBAMTLlNlY3RpZ28gUHVibGljIFNlcnZlciBBdXRoZW50aWNhdGlvbiBDQSBFViBFMzY=", "whitelist": false, "attachment": {"hash": "42f8d14c2b9050adc2aec0565b41e7ebcb6f79cd52a75aece52d1333f80f0dfa", "size": 1228, "filename": "lVUzVQgp60SlPl4E5_Nd7GLlg0qdQkgNz39YIr8YwFI=.pem", "location": "security-state-staging/intermediates/3d7aa2ea-5e8c-456f-910f-1bcff8f69d68.pem", "mimetype": "application/x-pem-file"}, "pubKeyHash": "lVUzVQgp60SlPl4E5/Nd7GLlg0qdQkgNz39YIr8YwFI=", "crlite_enrolled": false, "id": "f877a2a4-c36c-491f-8d1d-a8fc31c090df", "last_modified": 1691463423543}