{"schema": 1700646484689, "derHash": "woNIdA2jbPFN3EkoDPAwq5zjsKzgk7DhuhiUVvSRi5w=", "subject": "CN=TrustAsia DV TLS ECC CA G4,O=TrustAsia Technologies\\, Inc.,C=CN", "subjectDN": "MFkxCzAJBgNVBAYTAkNOMSUwIwYDVQQKDBxUcnVzdEFzaWEgVGVjaG5vbG9naWVzLCBJbmMuMSMwIQYDVQQDDBpUcnVzdEFzaWEgRFYgVExTIEVDQyBDQSBHNA==", "whitelist": false, "attachment": {"hash": "cd5019fcec123ec2fc8f4a53aebd1cbb131ebef82743dda28ee96724331751de", "size": 1317, "filename": "R-s0kdm8EzaFO3Liyw3bJqtHA3yG7-iGzhCMKglNFxY=.pem", "location": "security-state-staging/intermediates/bef125ee-c7d1-49c8-9a1c-4e2d1cedf07d.pem", "mimetype": "application/x-pem-file"}, "pubKeyHash": "R+s0kdm8EzaFO3Liyw3bJqtHA3yG7+iGzhCMKglNFxY=", "crlite_enrolled": false, "id": "fe879c91-8b4f-4e67-ab92-9286422da37c", "last_modified": 1700647023209}