{"schema": 1691462894516, "derHash": "7L0gAvsV1pDrKcynNx2X+E+ufx/2e9A5Mjutr1ytkUg=", "subject": "CN=SSL.com EV TLS Issuing RSA CA R1,O=SSL Corporation,C=US", "subjectDN": "MFIxCzAJBgNVBAYTAlVTMRgwFgYDVQQKDA9TU0wgQ29ycG9yYXRpb24xKTAnBgNVBAMMIFNTTC5jb20gRVYgVExTIElzc3VpbmcgUlNBIENBIFIx", "whitelist": false, "attachment": {"hash": "0734e18bf10838f54fe47fbda5e0ebd0fa71d4883469b39242df853bc49f19bc", "size": 2194, "filename": "3ebNWkR6qhSsVzk3WkbXqmW0areNxC--6UeU--EA9Io=.pem", "location": "security-state-staging/intermediates/22b892be-5c86-4d06-964f-2cda61412a62.pem", "mimetype": "application/x-pem-file"}, "pubKeyHash": "3ebNWkR6qhSsVzk3WkbXqmW0areNxC++6UeU++EA9Io=", "crlite_enrolled": false, "id": "ffef345d-45e0-43e6-b6ca-ea643f8c844a", "last_modified": 1691463423528}